assessment_id,email,week_number,assessment_type,score
1,emilyjohnson@example.com,1,Lab,68
2,lucasanderson@example.com,1,Lab,52
3,benjaminharris@example.com,1,Lab,43
4,isabellamoore@example.com,1,Lab,12
5,jamescarter@example.com,1,Lab,59
6,oliviamartin@example.com,1,Lab,70
7,alexanderwright@example.com,1,Lab,4
8,sophialewis@example.com,1,Lab,6
9,michaelscott@example.com,1,Lab,38
10,ameliaclark@example.com,1,Lab,10
11,noahrobinson@example.com,1,Lab,42
12,gracerodriguez@example.com,1,Lab,47
13,elijahturner@example.com,1,Lab,86
14,avamitchell@example.com,1,Lab,72
15,williamcooper@example.com,1,Lab,13
16,charlottehill@example.com,1,Lab,76
17,henryadams@example.com,1,Lab,50
18,evelynbaker@example.com,1,Lab,21
19,samuelcollins@example.com,1,Lab,43
20,miaallen@example.com,1,Lab,73
21,danielbennett@example.com,1,Lab,44
22,harperparker@example.com,1,Lab,83
23,jacobyoung@example.com,1,Lab,38
24,lilyward@example.com,1,Lab,30
25,matthewfoster@example.com,1,Lab,41
26,abigailbrooks@example.com,1,Lab,52
27,josephgriffin@example.com,1,Lab,18
28,ellareed@example.com,1,Lab,74
29,davidflores@example.com,1,Lab,55
30,chloehoward@example.com,1,Lab,50
31,andrewstewart@example.com,1,Lab,15
32,victoriaking@example.com,1,Lab,11
33,thomasphillips@example.com,1,Lab,71
34,hannahbutler@example.com,1,Lab,17
35,christophermorgan@example.com,1,Lab,93
36,arialee@example.com,1,Lab,77
37,anthonybell@example.com,1,Lab,67
38,nataliesanders@example.com,1,Lab,1
39,joshuamorris@example.com,1,Lab,46
40,scarlettrivera@example.com,1,Lab,71
41,jonathanperry@example.com,1,Lab,5
42,penelopecook@example.com,1,Lab,65
43,ryanpeterson@example.com,1,Lab,9
44,eleanorbarnes@example.com,1,Lab,1
45,calebjenkins@example.com,1,Lab,20
46,zoeyrussell@example.com,1,Lab,50
47,jackmurphy@example.com,1,Lab,100
48,madisonhayes@example.com,1,Lab,39
49,charlescoleman@example.com,1,Lab,45
50,laylacooper@example.com,1,Lab,96
51,ethankelly@example.com,1,Lab,40
52,sofiarichardson@example.com,1,Lab,79
53,owencox@example.com,1,Lab,45
54,noraward@example.com,1,Lab,74
55,isaacprice@example.com,1,Lab,37
56,hazellong@example.com,1,Lab,85
57,dylanpowell@example.com,1,Lab,78
58,lillianfisher@example.com,1,Lab,62
59,christianhenderson@example.com,1,Lab,46
60,audreymyers@example.com,1,Lab,50
61,lukebryant@example.com,1,Lab,4
62,lucynguyen@example.com,1,Lab,97
63,carterkim@example.com,1,Lab,80
64,samanthachavez@example.com,1,Lab,80
65,gabrieljenkins@example.com,1,Lab,100
66,bellamorales@example.com,1,Lab,42
67,aaronhayes@example.com,1,Lab,45
68,mayaporter@example.com,1,Lab,64
69,julianramirez@example.com,1,Lab,96
70,rubyhunter@example.com,1,Lab,12
71,leoross@example.com,1,Lab,22
72,sadiediaz@example.com,1,Lab,33
73,adamsimmons@example.com,1,Lab,24
74,violetgray@example.com,1,Lab,7
75,nathanmitchell@example.com,1,Lab,93
76,stellaperry@example.com,1,Lab,45
77,aidenrichardson@example.com,1,Lab,61
78,leahlopez@example.com,1,Lab,56
79,hunterbarnes@example.com,1,Lab,70
80,milabrooks@example.com,1,Lab,16
81,sebastiancarter@example.com,1,Lab,20
82,elliehughes@example.com,1,Lab,75
83,jacksonbennett@example.com,1,Lab,25
84,lunasanders@example.com,1,Lab,6
85,zacharyrogers@example.com,1,Lab,92
86,naomiward@example.com,1,Lab,25
87,liambrown@example.com,1,Lab,64
88,gabriellacruz@example.com,1,Lab,29
89,patrickreed@example.com,1,Lab,42
90,zoeylong@example.com,1,Lab,77
91,calebscott@example.com,1,Lab,14
92,harperthompson@example.com,1,Lab,17
93,blakecarter@example.com,1,Lab,51
94,emilycoleman@example.com,1,Lab,62
95,dominicmyers@example.com,1,Lab,36
96,gracebell@example.com,1,Lab,15
97,isaacwright@example.com,1,Lab,77
98,lilyphillips@example.com,1,Lab,95
99,jaydenstewart@example.com,1,Lab,23
100,charlotteallen@example.com,1,Lab,32
101,emilyjohnson@example.com,2,Lab,34
102,lucasanderson@example.com,2,Lab,79
103,benjaminharris@example.com,2,Lab,57
104,isabellamoore@example.com,2,Lab,90
105,jamescarter@example.com,2,Lab,11
106,oliviamartin@example.com,2,Lab,57
107,alexanderwright@example.com,2,Lab,17
108,sophialewis@example.com,2,Lab,84
109,michaelscott@example.com,2,Lab,30
110,ameliaclark@example.com,2,Lab,77
111,noahrobinson@example.com,2,Lab,80
112,gracerodriguez@example.com,2,Lab,6
113,elijahturner@example.com,2,Lab,23
114,avamitchell@example.com,2,Lab,81
115,williamcooper@example.com,2,Lab,9
116,charlottehill@example.com,2,Lab,55
117,henryadams@example.com,2,Lab,84
118,evelynbaker@example.com,2,Lab,39
119,samuelcollins@example.com,2,Lab,95
120,miaallen@example.com,2,Lab,68
121,danielbennett@example.com,2,Lab,0
122,harperparker@example.com,2,Lab,8
123,jacobyoung@example.com,2,Lab,19
124,lilyward@example.com,2,Lab,56
125,matthewfoster@example.com,2,Lab,33
126,abigailbrooks@example.com,2,Lab,24
127,josephgriffin@example.com,2,Lab,61
128,ellareed@example.com,2,Lab,42
129,davidflores@example.com,2,Lab,41
130,chloehoward@example.com,2,Lab,99
131,andrewstewart@example.com,2,Lab,58
132,victoriaking@example.com,2,Lab,59
133,thomasphillips@example.com,2,Lab,94
134,hannahbutler@example.com,2,Lab,69
135,christophermorgan@example.com,2,Lab,11
136,arialee@example.com,2,Lab,56
137,anthonybell@example.com,2,Lab,50
138,nataliesanders@example.com,2,Lab,23
139,joshuamorris@example.com,2,Lab,47
140,scarlettrivera@example.com,2,Lab,32
141,jonathanperry@example.com,2,Lab,71
142,penelopecook@example.com,2,Lab,11
143,ryanpeterson@example.com,2,Lab,46
144,eleanorbarnes@example.com,2,Lab,81
145,calebjenkins@example.com,2,Lab,34
146,zoeyrussell@example.com,2,Lab,41
147,jackmurphy@example.com,2,Lab,0
148,madisonhayes@example.com,2,Lab,85
149,charlescoleman@example.com,2,Lab,8
150,laylacooper@example.com,2,Lab,63
151,ethankelly@example.com,2,Lab,51
152,sofiarichardson@example.com,2,Lab,31
153,owencox@example.com,2,Lab,48
154,noraward@example.com,2,Lab,56
155,isaacprice@example.com,2,Lab,94
156,hazellong@example.com,2,Lab,79
157,dylanpowell@example.com,2,Lab,55
158,lillianfisher@example.com,2,Lab,9
159,christianhenderson@example.com,2,Lab,70
160,audreymyers@example.com,2,Lab,62
161,lukebryant@example.com,2,Lab,69
162,lucynguyen@example.com,2,Lab,94
163,carterkim@example.com,2,Lab,63
164,samanthachavez@example.com,2,Lab,80
165,gabrieljenkins@example.com,2,Lab,100
166,bellamorales@example.com,2,Lab,74
167,aaronhayes@example.com,2,Lab,88
168,mayaporter@example.com,2,Lab,39
169,julianramirez@example.com,2,Lab,65
170,rubyhunter@example.com,2,Lab,84
171,leoross@example.com,2,Lab,35
172,sadiediaz@example.com,2,Lab,40
173,adamsimmons@example.com,2,Lab,94
174,violetgray@example.com,2,Lab,44
175,nathanmitchell@example.com,2,Lab,14
176,stellaperry@example.com,2,Lab,77
177,aidenrichardson@example.com,2,Lab,74
178,leahlopez@example.com,2,Lab,45
179,hunterbarnes@example.com,2,Lab,22
180,milabrooks@example.com,2,Lab,82
181,sebastiancarter@example.com,2,Lab,10
182,elliehughes@example.com,2,Lab,52
183,jacksonbennett@example.com,2,Lab,49
184,lunasanders@example.com,2,Lab,30
185,zacharyrogers@example.com,2,Lab,64
186,naomiward@example.com,2,Lab,21
187,liambrown@example.com,2,Lab,64
188,gabriellacruz@example.com,2,Lab,90
189,patrickreed@example.com,2,Lab,91
190,zoeylong@example.com,2,Lab,76
191,calebscott@example.com,2,Lab,7
192,harperthompson@example.com,2,Lab,80
193,blakecarter@example.com,2,Lab,2
194,emilycoleman@example.com,2,Lab,38
195,dominicmyers@example.com,2,Lab,67
196,gracebell@example.com,2,Lab,32
197,isaacwright@example.com,2,Lab,32
198,lilyphillips@example.com,2,Lab,3
199,jaydenstewart@example.com,2,Lab,56
200,charlotteallen@example.com,2,Lab,10
201,emilyjohnson@example.com,3,Lab,41
202,lucasanderson@example.com,3,Lab,27
203,benjaminharris@example.com,3,Lab,93
204,isabellamoore@example.com,3,Lab,57
205,jamescarter@example.com,3,Lab,43
206,oliviamartin@example.com,3,Lab,66
207,alexanderwright@example.com,3,Lab,93
208,sophialewis@example.com,3,Lab,53
209,michaelscott@example.com,3,Lab,58
210,ameliaclark@example.com,3,Lab,100
211,noahrobinson@example.com,3,Lab,50
212,gracerodriguez@example.com,3,Lab,46
213,elijahturner@example.com,3,Lab,11
214,avamitchell@example.com,3,Lab,29
215,williamcooper@example.com,3,Lab,96
216,charlottehill@example.com,3,Lab,68
217,henryadams@example.com,3,Lab,74
218,evelynbaker@example.com,3,Lab,48
219,samuelcollins@example.com,3,Lab,88
220,miaallen@example.com,3,Lab,39
221,danielbennett@example.com,3,Lab,49
222,harperparker@example.com,3,Lab,22
223,jacobyoung@example.com,3,Lab,34
224,lilyward@example.com,3,Lab,20
225,matthewfoster@example.com,3,Lab,79
226,abigailbrooks@example.com,3,Lab,89
227,josephgriffin@example.com,3,Lab,46
228,ellareed@example.com,3,Lab,90
229,davidflores@example.com,3,Lab,27
230,chloehoward@example.com,3,Lab,14
231,andrewstewart@example.com,3,Lab,78
232,victoriaking@example.com,3,Lab,50
233,thomasphillips@example.com,3,Lab,24
234,hannahbutler@example.com,3,Lab,54
235,christophermorgan@example.com,3,Lab,37
236,arialee@example.com,3,Lab,98
237,anthonybell@example.com,3,Lab,16
238,nataliesanders@example.com,3,Lab,8
239,joshuamorris@example.com,3,Lab,77
240,scarlettrivera@example.com,3,Lab,7
241,jonathanperry@example.com,3,Lab,47
242,penelopecook@example.com,3,Lab,53
243,ryanpeterson@example.com,3,Lab,74
244,eleanorbarnes@example.com,3,Lab,48
245,calebjenkins@example.com,3,Lab,35
246,zoeyrussell@example.com,3,Lab,31
247,jackmurphy@example.com,3,Lab,16
248,madisonhayes@example.com,3,Lab,19
249,charlescoleman@example.com,3,Lab,10
250,laylacooper@example.com,3,Lab,40
251,ethankelly@example.com,3,Lab,49
252,sofiarichardson@example.com,3,Lab,52
253,owencox@example.com,3,Lab,75
254,noraward@example.com,3,Lab,51
255,isaacprice@example.com,3,Lab,77
256,hazellong@example.com,3,Lab,67
257,dylanpowell@example.com,3,Lab,100
258,lillianfisher@example.com,3,Lab,1
259,christianhenderson@example.com,3,Lab,22
260,audreymyers@example.com,3,Lab,90
261,lukebryant@example.com,3,Lab,86
262,lucynguyen@example.com,3,Lab,67
263,carterkim@example.com,3,Lab,80
264,samanthachavez@example.com,3,Lab,47
265,gabrieljenkins@example.com,3,Lab,33
266,bellamorales@example.com,3,Lab,34
267,aaronhayes@example.com,3,Lab,52
268,mayaporter@example.com,3,Lab,27
269,julianramirez@example.com,3,Lab,44
270,rubyhunter@example.com,3,Lab,39
271,leoross@example.com,3,Lab,0
272,sadiediaz@example.com,3,Lab,7
273,adamsimmons@example.com,3,Lab,11
274,violetgray@example.com,3,Lab,63
275,nathanmitchell@example.com,3,Lab,65
276,stellaperry@example.com,3,Lab,53
277,aidenrichardson@example.com,3,Lab,86
278,leahlopez@example.com,3,Lab,9
279,hunterbarnes@example.com,3,Lab,86
280,milabrooks@example.com,3,Lab,55
281,sebastiancarter@example.com,3,Lab,1
282,elliehughes@example.com,3,Lab,19
283,jacksonbennett@example.com,3,Lab,98
284,lunasanders@example.com,3,Lab,57
285,zacharyrogers@example.com,3,Lab,65
286,naomiward@example.com,3,Lab,28
287,liambrown@example.com,3,Lab,79
288,gabriellacruz@example.com,3,Lab,41
289,patrickreed@example.com,3,Lab,15
290,zoeylong@example.com,3,Lab,18
291,calebscott@example.com,3,Lab,23
292,harperthompson@example.com,3,Lab,50
293,blakecarter@example.com,3,Lab,53
294,emilycoleman@example.com,3,Lab,90
295,dominicmyers@example.com,3,Lab,68
296,gracebell@example.com,3,Lab,25
297,isaacwright@example.com,3,Lab,4
298,lilyphillips@example.com,3,Lab,21
299,jaydenstewart@example.com,3,Lab,56
300,charlotteallen@example.com,3,Lab,56
301,emilyjohnson@example.com,4,Lab,100
302,lucasanderson@example.com,4,Lab,72
303,benjaminharris@example.com,4,Lab,49
304,isabellamoore@example.com,4,Lab,68
305,jamescarter@example.com,4,Lab,2
306,oliviamartin@example.com,4,Lab,26
307,alexanderwright@example.com,4,Lab,95
308,sophialewis@example.com,4,Lab,96
309,michaelscott@example.com,4,Lab,53
310,ameliaclark@example.com,4,Lab,1
311,noahrobinson@example.com,4,Lab,20
312,gracerodriguez@example.com,4,Lab,2
313,elijahturner@example.com,4,Lab,37
314,avamitchell@example.com,4,Lab,12
315,williamcooper@example.com,4,Lab,62
316,charlottehill@example.com,4,Lab,37
317,henryadams@example.com,4,Lab,22
318,evelynbaker@example.com,4,Lab,84
319,samuelcollins@example.com,4,Lab,73
320,miaallen@example.com,4,Lab,22
321,danielbennett@example.com,4,Lab,88
322,harperparker@example.com,4,Lab,1
323,jacobyoung@example.com,4,Lab,21
324,lilyward@example.com,4,Lab,49
325,matthewfoster@example.com,4,Lab,99
326,abigailbrooks@example.com,4,Lab,25
327,josephgriffin@example.com,4,Lab,55
328,ellareed@example.com,4,Lab,21
329,davidflores@example.com,4,Lab,81
330,chloehoward@example.com,4,Lab,54
331,andrewstewart@example.com,4,Lab,19
332,victoriaking@example.com,4,Lab,9
333,thomasphillips@example.com,4,Lab,12
334,hannahbutler@example.com,4,Lab,29
335,christophermorgan@example.com,4,Lab,87
336,arialee@example.com,4,Lab,74
337,anthonybell@example.com,4,Lab,1
338,nataliesanders@example.com,4,Lab,78
339,joshuamorris@example.com,4,Lab,95
340,scarlettrivera@example.com,4,Lab,35
341,jonathanperry@example.com,4,Lab,32
342,penelopecook@example.com,4,Lab,0
343,ryanpeterson@example.com,4,Lab,41
344,eleanorbarnes@example.com,4,Lab,36
345,calebjenkins@example.com,4,Lab,100
346,zoeyrussell@example.com,4,Lab,24
347,jackmurphy@example.com,4,Lab,99
348,madisonhayes@example.com,4,Lab,68
349,charlescoleman@example.com,4,Lab,10
350,laylacooper@example.com,4,Lab,28
351,ethankelly@example.com,4,Lab,80
352,sofiarichardson@example.com,4,Lab,27
353,owencox@example.com,4,Lab,72
354,noraward@example.com,4,Lab,39
355,isaacprice@example.com,4,Lab,26
356,hazellong@example.com,4,Lab,32
357,dylanpowell@example.com,4,Lab,1
358,lillianfisher@example.com,4,Lab,95
359,christianhenderson@example.com,4,Lab,77
360,audreymyers@example.com,4,Lab,19
361,lukebryant@example.com,4,Lab,40
362,lucynguyen@example.com,4,Lab,7
363,carterkim@example.com,4,Lab,76
364,samanthachavez@example.com,4,Lab,40
365,gabrieljenkins@example.com,4,Lab,76
366,bellamorales@example.com,4,Lab,3
367,aaronhayes@example.com,4,Lab,80
368,mayaporter@example.com,4,Lab,66
369,julianramirez@example.com,4,Lab,58
370,rubyhunter@example.com,4,Lab,13
371,leoross@example.com,4,Lab,56
372,sadiediaz@example.com,4,Lab,54
373,adamsimmons@example.com,4,Lab,22
374,violetgray@example.com,4,Lab,2
375,nathanmitchell@example.com,4,Lab,11
376,stellaperry@example.com,4,Lab,35
377,aidenrichardson@example.com,4,Lab,80
378,leahlopez@example.com,4,Lab,34
379,hunterbarnes@example.com,4,Lab,76
380,milabrooks@example.com,4,Lab,41
381,sebastiancarter@example.com,4,Lab,90
382,elliehughes@example.com,4,Lab,9
383,jacksonbennett@example.com,4,Lab,60
384,lunasanders@example.com,4,Lab,73
385,zacharyrogers@example.com,4,Lab,96
386,naomiward@example.com,4,Lab,91
387,liambrown@example.com,4,Lab,17
388,gabriellacruz@example.com,4,Lab,74
389,patrickreed@example.com,4,Lab,60
390,zoeylong@example.com,4,Lab,1
391,calebscott@example.com,4,Lab,48
392,harperthompson@example.com,4,Lab,68
393,blakecarter@example.com,4,Lab,71
394,emilycoleman@example.com,4,Lab,67
395,dominicmyers@example.com,4,Lab,48
396,gracebell@example.com,4,Lab,17
397,isaacwright@example.com,4,Lab,41
398,lilyphillips@example.com,4,Lab,68
399,jaydenstewart@example.com,4,Lab,6
400,charlotteallen@example.com,4,Lab,47
401,emilyjohnson@example.com,5,Lab,81
402,lucasanderson@example.com,5,Lab,31
403,benjaminharris@example.com,5,Lab,87
404,isabellamoore@example.com,5,Lab,79
405,jamescarter@example.com,5,Lab,63
406,oliviamartin@example.com,5,Lab,46
407,alexanderwright@example.com,5,Lab,28
408,sophialewis@example.com,5,Lab,81
409,michaelscott@example.com,5,Lab,16
410,ameliaclark@example.com,5,Lab,47
411,noahrobinson@example.com,5,Lab,23
412,gracerodriguez@example.com,5,Lab,37
413,elijahturner@example.com,5,Lab,45
414,avamitchell@example.com,5,Lab,90
415,williamcooper@example.com,5,Lab,85
416,charlottehill@example.com,5,Lab,84
417,henryadams@example.com,5,Lab,60
418,evelynbaker@example.com,5,Lab,64
419,samuelcollins@example.com,5,Lab,6
420,miaallen@example.com,5,Lab,13
421,danielbennett@example.com,5,Lab,83
422,harperparker@example.com,5,Lab,64
423,jacobyoung@example.com,5,Lab,42
424,lilyward@example.com,5,Lab,17
425,matthewfoster@example.com,5,Lab,72
426,abigailbrooks@example.com,5,Lab,20
427,josephgriffin@example.com,5,Lab,28
428,ellareed@example.com,5,Lab,54
429,davidflores@example.com,5,Lab,27
430,chloehoward@example.com,5,Lab,10
431,andrewstewart@example.com,5,Lab,51
432,victoriaking@example.com,5,Lab,89
433,thomasphillips@example.com,5,Lab,40
434,hannahbutler@example.com,5,Lab,95
435,christophermorgan@example.com,5,Lab,21
436,arialee@example.com,5,Lab,47
437,anthonybell@example.com,5,Lab,98
438,nataliesanders@example.com,5,Lab,90
439,joshuamorris@example.com,5,Lab,28
440,scarlettrivera@example.com,5,Lab,97
441,jonathanperry@example.com,5,Lab,60
442,penelopecook@example.com,5,Lab,71
443,ryanpeterson@example.com,5,Lab,33
444,eleanorbarnes@example.com,5,Lab,0
445,calebjenkins@example.com,5,Lab,72
446,zoeyrussell@example.com,5,Lab,47
447,jackmurphy@example.com,5,Lab,10
448,madisonhayes@example.com,5,Lab,54
449,charlescoleman@example.com,5,Lab,80
450,laylacooper@example.com,5,Lab,45
451,ethankelly@example.com,5,Lab,36
452,sofiarichardson@example.com,5,Lab,92
453,owencox@example.com,5,Lab,85
454,noraward@example.com,5,Lab,39
455,isaacprice@example.com,5,Lab,93
456,hazellong@example.com,5,Lab,43
457,dylanpowell@example.com,5,Lab,45
458,lillianfisher@example.com,5,Lab,33
459,christianhenderson@example.com,5,Lab,29
460,audreymyers@example.com,5,Lab,2
461,lukebryant@example.com,5,Lab,67
462,lucynguyen@example.com,5,Lab,31
463,carterkim@example.com,5,Lab,9
464,samanthachavez@example.com,5,Lab,44
465,gabrieljenkins@example.com,5,Lab,22
466,bellamorales@example.com,5,Lab,27
467,aaronhayes@example.com,5,Lab,81
468,mayaporter@example.com,5,Lab,13
469,julianramirez@example.com,5,Lab,45
470,rubyhunter@example.com,5,Lab,82
471,leoross@example.com,5,Lab,95
472,sadiediaz@example.com,5,Lab,27
473,adamsimmons@example.com,5,Lab,29
474,violetgray@example.com,5,Lab,11
475,nathanmitchell@example.com,5,Lab,23
476,stellaperry@example.com,5,Lab,44
477,aidenrichardson@example.com,5,Lab,100
478,leahlopez@example.com,5,Lab,11
479,hunterbarnes@example.com,5,Lab,51
480,milabrooks@example.com,5,Lab,93
481,sebastiancarter@example.com,5,Lab,58
482,elliehughes@example.com,5,Lab,82
483,jacksonbennett@example.com,5,Lab,41
484,lunasanders@example.com,5,Lab,26
485,zacharyrogers@example.com,5,Lab,13
486,naomiward@example.com,5,Lab,31
487,liambrown@example.com,5,Lab,22
488,gabriellacruz@example.com,5,Lab,63
489,patrickreed@example.com,5,Lab,21
490,zoeylong@example.com,5,Lab,93
491,calebscott@example.com,5,Lab,69
492,harperthompson@example.com,5,Lab,62
493,blakecarter@example.com,5,Lab,57
494,emilycoleman@example.com,5,Lab,34
495,dominicmyers@example.com,5,Lab,54
496,gracebell@example.com,5,Lab,97
497,isaacwright@example.com,5,Lab,40
498,lilyphillips@example.com,5,Lab,74
499,jaydenstewart@example.com,5,Lab,13
500,charlotteallen@example.com,5,Lab,23
501,emilyjohnson@example.com,6,Lab,24
502,lucasanderson@example.com,6,Lab,57
503,benjaminharris@example.com,6,Lab,87
504,isabellamoore@example.com,6,Lab,97
505,jamescarter@example.com,6,Lab,79
506,oliviamartin@example.com,6,Lab,20
507,alexanderwright@example.com,6,Lab,33
508,sophialewis@example.com,6,Lab,72
509,michaelscott@example.com,6,Lab,32
510,ameliaclark@example.com,6,Lab,57
511,noahrobinson@example.com,6,Lab,7
512,gracerodriguez@example.com,6,Lab,65
513,elijahturner@example.com,6,Lab,14
514,avamitchell@example.com,6,Lab,18
515,williamcooper@example.com,6,Lab,57
516,charlottehill@example.com,6,Lab,1
517,henryadams@example.com,6,Lab,40
518,evelynbaker@example.com,6,Lab,46
519,samuelcollins@example.com,6,Lab,85
520,miaallen@example.com,6,Lab,51
521,danielbennett@example.com,6,Lab,28
522,harperparker@example.com,6,Lab,34
523,jacobyoung@example.com,6,Lab,41
524,lilyward@example.com,6,Lab,90
525,matthewfoster@example.com,6,Lab,74
526,abigailbrooks@example.com,6,Lab,95
527,josephgriffin@example.com,6,Lab,34
528,ellareed@example.com,6,Lab,33
529,davidflores@example.com,6,Lab,54
530,chloehoward@example.com,6,Lab,20
531,andrewstewart@example.com,6,Lab,63
532,victoriaking@example.com,6,Lab,57
533,thomasphillips@example.com,6,Lab,69
534,hannahbutler@example.com,6,Lab,56
535,christophermorgan@example.com,6,Lab,98
536,arialee@example.com,6,Lab,51
537,anthonybell@example.com,6,Lab,59
538,nataliesanders@example.com,6,Lab,77
539,joshuamorris@example.com,6,Lab,85
540,scarlettrivera@example.com,6,Lab,77
541,jonathanperry@example.com,6,Lab,74
542,penelopecook@example.com,6,Lab,10
543,ryanpeterson@example.com,6,Lab,5
544,eleanorbarnes@example.com,6,Lab,91
545,calebjenkins@example.com,6,Lab,75
546,zoeyrussell@example.com,6,Lab,12
547,jackmurphy@example.com,6,Lab,39
548,madisonhayes@example.com,6,Lab,15
549,charlescoleman@example.com,6,Lab,50
550,laylacooper@example.com,6,Lab,89
551,ethankelly@example.com,6,Lab,32
552,sofiarichardson@example.com,6,Lab,87
553,owencox@example.com,6,Lab,69
554,noraward@example.com,6,Lab,21
555,isaacprice@example.com,6,Lab,94
556,hazellong@example.com,6,Lab,50
557,dylanpowell@example.com,6,Lab,48
558,lillianfisher@example.com,6,Lab,54
559,christianhenderson@example.com,6,Lab,2
560,audreymyers@example.com,6,Lab,31
561,lukebryant@example.com,6,Lab,99
562,lucynguyen@example.com,6,Lab,37
563,carterkim@example.com,6,Lab,64
564,samanthachavez@example.com,6,Lab,1
565,gabrieljenkins@example.com,6,Lab,9
566,bellamorales@example.com,6,Lab,8
567,aaronhayes@example.com,6,Lab,11
568,mayaporter@example.com,6,Lab,93
569,julianramirez@example.com,6,Lab,56
570,rubyhunter@example.com,6,Lab,81
571,leoross@example.com,6,Lab,24
572,sadiediaz@example.com,6,Lab,76
573,adamsimmons@example.com,6,Lab,36
574,violetgray@example.com,6,Lab,39
575,nathanmitchell@example.com,6,Lab,33
576,stellaperry@example.com,6,Lab,63
577,aidenrichardson@example.com,6,Lab,76
578,leahlopez@example.com,6,Lab,54
579,hunterbarnes@example.com,6,Lab,76
580,milabrooks@example.com,6,Lab,99
581,sebastiancarter@example.com,6,Lab,89
582,elliehughes@example.com,6,Lab,84
583,jacksonbennett@example.com,6,Lab,88
584,lunasanders@example.com,6,Lab,67
585,zacharyrogers@example.com,6,Lab,16
586,naomiward@example.com,6,Lab,36
587,liambrown@example.com,6,Lab,44
588,gabriellacruz@example.com,6,Lab,36
589,patrickreed@example.com,6,Lab,32
590,zoeylong@example.com,6,Lab,86
591,calebscott@example.com,6,Lab,67
592,harperthompson@example.com,6,Lab,20
593,blakecarter@example.com,6,Lab,35
594,emilycoleman@example.com,6,Lab,18
595,dominicmyers@example.com,6,Lab,54
596,gracebell@example.com,6,Lab,99
597,isaacwright@example.com,6,Lab,24
598,lilyphillips@example.com,6,Lab,4
599,jaydenstewart@example.com,6,Lab,13
600,charlotteallen@example.com,6,Lab,89
601,emilyjohnson@example.com,7,Lab,86
602,lucasanderson@example.com,7,Lab,96
603,benjaminharris@example.com,7,Lab,48
604,isabellamoore@example.com,7,Lab,84
605,jamescarter@example.com,7,Lab,97
606,oliviamartin@example.com,7,Lab,11
607,alexanderwright@example.com,7,Lab,12
608,sophialewis@example.com,7,Lab,38
609,michaelscott@example.com,7,Lab,92
610,ameliaclark@example.com,7,Lab,63
611,noahrobinson@example.com,7,Lab,93
612,gracerodriguez@example.com,7,Lab,41
613,elijahturner@example.com,7,Lab,13
614,avamitchell@example.com,7,Lab,76
615,williamcooper@example.com,7,Lab,31
616,charlottehill@example.com,7,Lab,0
617,henryadams@example.com,7,Lab,59
618,evelynbaker@example.com,7,Lab,20
619,samuelcollins@example.com,7,Lab,61
620,miaallen@example.com,7,Lab,91
621,danielbennett@example.com,7,Lab,5
622,harperparker@example.com,7,Lab,31
623,jacobyoung@example.com,7,Lab,92
624,lilyward@example.com,7,Lab,95
625,matthewfoster@example.com,7,Lab,21
626,abigailbrooks@example.com,7,Lab,0
627,josephgriffin@example.com,7,Lab,32
628,ellareed@example.com,7,Lab,20
629,davidflores@example.com,7,Lab,7
630,chloehoward@example.com,7,Lab,8
631,andrewstewart@example.com,7,Lab,45
632,victoriaking@example.com,7,Lab,14
633,thomasphillips@example.com,7,Lab,17
634,hannahbutler@example.com,7,Lab,89
635,christophermorgan@example.com,7,Lab,44
636,arialee@example.com,7,Lab,92
637,anthonybell@example.com,7,Lab,34
638,nataliesanders@example.com,7,Lab,93
639,joshuamorris@example.com,7,Lab,29
640,scarlettrivera@example.com,7,Lab,43
641,jonathanperry@example.com,7,Lab,1
642,penelopecook@example.com,7,Lab,69
643,ryanpeterson@example.com,7,Lab,12
644,eleanorbarnes@example.com,7,Lab,59
645,calebjenkins@example.com,7,Lab,34
646,zoeyrussell@example.com,7,Lab,31
647,jackmurphy@example.com,7,Lab,88
648,madisonhayes@example.com,7,Lab,98
649,charlescoleman@example.com,7,Lab,0
650,laylacooper@example.com,7,Lab,99
651,ethankelly@example.com,7,Lab,47
652,sofiarichardson@example.com,7,Lab,45
653,owencox@example.com,7,Lab,79
654,noraward@example.com,7,Lab,50
655,isaacprice@example.com,7,Lab,16
656,hazellong@example.com,7,Lab,8
657,dylanpowell@example.com,7,Lab,5
658,lillianfisher@example.com,7,Lab,35
659,christianhenderson@example.com,7,Lab,61
660,audreymyers@example.com,7,Lab,23
661,lukebryant@example.com,7,Lab,70
662,lucynguyen@example.com,7,Lab,59
663,carterkim@example.com,7,Lab,94
664,samanthachavez@example.com,7,Lab,85
665,gabrieljenkins@example.com,7,Lab,53
666,bellamorales@example.com,7,Lab,66
667,aaronhayes@example.com,7,Lab,44
668,mayaporter@example.com,7,Lab,27
669,julianramirez@example.com,7,Lab,22
670,rubyhunter@example.com,7,Lab,20
671,leoross@example.com,7,Lab,68
672,sadiediaz@example.com,7,Lab,16
673,adamsimmons@example.com,7,Lab,8
674,violetgray@example.com,7,Lab,1
675,nathanmitchell@example.com,7,Lab,37
676,stellaperry@example.com,7,Lab,81
677,aidenrichardson@example.com,7,Lab,60
678,leahlopez@example.com,7,Lab,42
679,hunterbarnes@example.com,7,Lab,49
680,milabrooks@example.com,7,Lab,14
681,sebastiancarter@example.com,7,Lab,64
682,elliehughes@example.com,7,Lab,49
683,jacksonbennett@example.com,7,Lab,60
684,lunasanders@example.com,7,Lab,36
685,zacharyrogers@example.com,7,Lab,29
686,naomiward@example.com,7,Lab,36
687,liambrown@example.com,7,Lab,34
688,gabriellacruz@example.com,7,Lab,97
689,patrickreed@example.com,7,Lab,57
690,zoeylong@example.com,7,Lab,31
691,calebscott@example.com,7,Lab,18
692,harperthompson@example.com,7,Lab,77
693,blakecarter@example.com,7,Lab,5
694,emilycoleman@example.com,7,Lab,7
695,dominicmyers@example.com,7,Lab,74
696,gracebell@example.com,7,Lab,60
697,isaacwright@example.com,7,Lab,70
698,lilyphillips@example.com,7,Lab,95
699,jaydenstewart@example.com,7,Lab,30
700,charlotteallen@example.com,7,Lab,82
701,emilyjohnson@example.com,8,Lab,30
702,lucasanderson@example.com,8,Lab,38
703,benjaminharris@example.com,8,Lab,90
704,isabellamoore@example.com,8,Lab,40
705,jamescarter@example.com,8,Lab,81
706,oliviamartin@example.com,8,Lab,26
707,alexanderwright@example.com,8,Lab,67
708,sophialewis@example.com,8,Lab,26
709,michaelscott@example.com,8,Lab,48
710,ameliaclark@example.com,8,Lab,50
711,noahrobinson@example.com,8,Lab,76
712,gracerodriguez@example.com,8,Lab,17
713,elijahturner@example.com,8,Lab,71
714,avamitchell@example.com,8,Lab,97
715,williamcooper@example.com,8,Lab,96
716,charlottehill@example.com,8,Lab,69
717,henryadams@example.com,8,Lab,83
718,evelynbaker@example.com,8,Lab,11
719,samuelcollins@example.com,8,Lab,27
720,miaallen@example.com,8,Lab,46
721,danielbennett@example.com,8,Lab,7
722,harperparker@example.com,8,Lab,71
723,jacobyoung@example.com,8,Lab,92
724,lilyward@example.com,8,Lab,34
725,matthewfoster@example.com,8,Lab,54
726,abigailbrooks@example.com,8,Lab,29
727,josephgriffin@example.com,8,Lab,44
728,ellareed@example.com,8,Lab,69
729,davidflores@example.com,8,Lab,92
730,chloehoward@example.com,8,Lab,88
731,andrewstewart@example.com,8,Lab,54
732,victoriaking@example.com,8,Lab,37
733,thomasphillips@example.com,8,Lab,22
734,hannahbutler@example.com,8,Lab,10
735,christophermorgan@example.com,8,Lab,71
736,arialee@example.com,8,Lab,68
737,anthonybell@example.com,8,Lab,39
738,nataliesanders@example.com,8,Lab,1
739,joshuamorris@example.com,8,Lab,2
740,scarlettrivera@example.com,8,Lab,90
741,jonathanperry@example.com,8,Lab,91
742,penelopecook@example.com,8,Lab,24
743,ryanpeterson@example.com,8,Lab,63
744,eleanorbarnes@example.com,8,Lab,65
745,calebjenkins@example.com,8,Lab,45
746,zoeyrussell@example.com,8,Lab,65
747,jackmurphy@example.com,8,Lab,17
748,madisonhayes@example.com,8,Lab,49
749,charlescoleman@example.com,8,Lab,64
750,laylacooper@example.com,8,Lab,95
751,ethankelly@example.com,8,Lab,62
752,sofiarichardson@example.com,8,Lab,23
753,owencox@example.com,8,Lab,11
754,noraward@example.com,8,Lab,57
755,isaacprice@example.com,8,Lab,2
756,hazellong@example.com,8,Lab,64
757,dylanpowell@example.com,8,Lab,55
758,lillianfisher@example.com,8,Lab,0
759,christianhenderson@example.com,8,Lab,27
760,audreymyers@example.com,8,Lab,68
761,lukebryant@example.com,8,Lab,77
762,lucynguyen@example.com,8,Lab,43
763,carterkim@example.com,8,Lab,84
764,samanthachavez@example.com,8,Lab,91
765,gabrieljenkins@example.com,8,Lab,54
766,bellamorales@example.com,8,Lab,82
767,aaronhayes@example.com,8,Lab,66
768,mayaporter@example.com,8,Lab,30
769,julianramirez@example.com,8,Lab,89
770,rubyhunter@example.com,8,Lab,10
771,leoross@example.com,8,Lab,65
772,sadiediaz@example.com,8,Lab,74
773,adamsimmons@example.com,8,Lab,10
774,violetgray@example.com,8,Lab,47
775,nathanmitchell@example.com,8,Lab,12
776,stellaperry@example.com,8,Lab,28
777,aidenrichardson@example.com,8,Lab,51
778,leahlopez@example.com,8,Lab,17
779,hunterbarnes@example.com,8,Lab,49
780,milabrooks@example.com,8,Lab,91
781,sebastiancarter@example.com,8,Lab,70
782,elliehughes@example.com,8,Lab,20
783,jacksonbennett@example.com,8,Lab,63
784,lunasanders@example.com,8,Lab,1
785,zacharyrogers@example.com,8,Lab,51
786,naomiward@example.com,8,Lab,68
787,liambrown@example.com,8,Lab,87
788,gabriellacruz@example.com,8,Lab,29
789,patrickreed@example.com,8,Lab,70
790,zoeylong@example.com,8,Lab,54
791,calebscott@example.com,8,Lab,31
792,harperthompson@example.com,8,Lab,88
793,blakecarter@example.com,8,Lab,65
794,emilycoleman@example.com,8,Lab,29
795,dominicmyers@example.com,8,Lab,66
796,gracebell@example.com,8,Lab,32
797,isaacwright@example.com,8,Lab,65
798,lilyphillips@example.com,8,Lab,17
799,jaydenstewart@example.com,8,Lab,76
800,charlotteallen@example.com,8,Lab,48
801,emilyjohnson@example.com,9,Lab,98
802,lucasanderson@example.com,9,Lab,66
803,benjaminharris@example.com,9,Lab,15
804,isabellamoore@example.com,9,Lab,78
805,jamescarter@example.com,9,Lab,59
806,oliviamartin@example.com,9,Lab,57
807,alexanderwright@example.com,9,Lab,79
808,sophialewis@example.com,9,Lab,67
809,michaelscott@example.com,9,Lab,0
810,ameliaclark@example.com,9,Lab,47
811,noahrobinson@example.com,9,Lab,74
812,gracerodriguez@example.com,9,Lab,92
813,elijahturner@example.com,9,Lab,12
814,avamitchell@example.com,9,Lab,84
815,williamcooper@example.com,9,Lab,91
816,charlottehill@example.com,9,Lab,84
817,henryadams@example.com,9,Lab,4
818,evelynbaker@example.com,9,Lab,80
819,samuelcollins@example.com,9,Lab,32
820,miaallen@example.com,9,Lab,33
821,danielbennett@example.com,9,Lab,63
822,harperparker@example.com,9,Lab,74
823,jacobyoung@example.com,9,Lab,58
824,lilyward@example.com,9,Lab,94
825,matthewfoster@example.com,9,Lab,74
826,abigailbrooks@example.com,9,Lab,71
827,josephgriffin@example.com,9,Lab,27
828,ellareed@example.com,9,Lab,17
829,davidflores@example.com,9,Lab,54
830,chloehoward@example.com,9,Lab,56
831,andrewstewart@example.com,9,Lab,77
832,victoriaking@example.com,9,Lab,4
833,thomasphillips@example.com,9,Lab,38
834,hannahbutler@example.com,9,Lab,64
835,christophermorgan@example.com,9,Lab,87
836,arialee@example.com,9,Lab,65
837,anthonybell@example.com,9,Lab,13
838,nataliesanders@example.com,9,Lab,65
839,joshuamorris@example.com,9,Lab,69
840,scarlettrivera@example.com,9,Lab,40
841,jonathanperry@example.com,9,Lab,23
842,penelopecook@example.com,9,Lab,89
843,ryanpeterson@example.com,9,Lab,83
844,eleanorbarnes@example.com,9,Lab,16
845,calebjenkins@example.com,9,Lab,80
846,zoeyrussell@example.com,9,Lab,81
847,jackmurphy@example.com,9,Lab,39
848,madisonhayes@example.com,9,Lab,82
849,charlescoleman@example.com,9,Lab,18
850,laylacooper@example.com,9,Lab,57
851,ethankelly@example.com,9,Lab,39
852,sofiarichardson@example.com,9,Lab,44
853,owencox@example.com,9,Lab,8
854,noraward@example.com,9,Lab,68
855,isaacprice@example.com,9,Lab,97
856,hazellong@example.com,9,Lab,73
857,dylanpowell@example.com,9,Lab,49
858,lillianfisher@example.com,9,Lab,62
859,christianhenderson@example.com,9,Lab,100
860,audreymyers@example.com,9,Lab,21
861,lukebryant@example.com,9,Lab,21
862,lucynguyen@example.com,9,Lab,92
863,carterkim@example.com,9,Lab,41
864,samanthachavez@example.com,9,Lab,75
865,gabrieljenkins@example.com,9,Lab,37
866,bellamorales@example.com,9,Lab,20
867,aaronhayes@example.com,9,Lab,33
868,mayaporter@example.com,9,Lab,40
869,julianramirez@example.com,9,Lab,22
870,rubyhunter@example.com,9,Lab,50
871,leoross@example.com,9,Lab,52
872,sadiediaz@example.com,9,Lab,11
873,adamsimmons@example.com,9,Lab,0
874,violetgray@example.com,9,Lab,90
875,nathanmitchell@example.com,9,Lab,42
876,stellaperry@example.com,9,Lab,95
877,aidenrichardson@example.com,9,Lab,98
878,leahlopez@example.com,9,Lab,85
879,hunterbarnes@example.com,9,Lab,40
880,milabrooks@example.com,9,Lab,75
881,sebastiancarter@example.com,9,Lab,96
882,elliehughes@example.com,9,Lab,31
883,jacksonbennett@example.com,9,Lab,1
884,lunasanders@example.com,9,Lab,12
885,zacharyrogers@example.com,9,Lab,17
886,naomiward@example.com,9,Lab,89
887,liambrown@example.com,9,Lab,60
888,gabriellacruz@example.com,9,Lab,77
889,patrickreed@example.com,9,Lab,24
890,zoeylong@example.com,9,Lab,32
891,calebscott@example.com,9,Lab,32
892,harperthompson@example.com,9,Lab,69
893,blakecarter@example.com,9,Lab,7
894,emilycoleman@example.com,9,Lab,83
895,dominicmyers@example.com,9,Lab,46
896,gracebell@example.com,9,Lab,23
897,isaacwright@example.com,9,Lab,21
898,lilyphillips@example.com,9,Lab,13
899,jaydenstewart@example.com,9,Lab,3
900,charlotteallen@example.com,9,Lab,91
901,emilyjohnson@example.com,10,Lab,26
902,lucasanderson@example.com,10,Lab,97
903,benjaminharris@example.com,10,Lab,45
904,isabellamoore@example.com,10,Lab,40
905,jamescarter@example.com,10,Lab,51
906,oliviamartin@example.com,10,Lab,15
907,alexanderwright@example.com,10,Lab,64
908,sophialewis@example.com,10,Lab,0
909,michaelscott@example.com,10,Lab,68
910,ameliaclark@example.com,10,Lab,46
911,noahrobinson@example.com,10,Lab,82
912,gracerodriguez@example.com,10,Lab,84
913,elijahturner@example.com,10,Lab,7
914,avamitchell@example.com,10,Lab,50
915,williamcooper@example.com,10,Lab,55
916,charlottehill@example.com,10,Lab,90
917,henryadams@example.com,10,Lab,81
918,evelynbaker@example.com,10,Lab,7
919,samuelcollins@example.com,10,Lab,4
920,miaallen@example.com,10,Lab,77
921,danielbennett@example.com,10,Lab,51
922,harperparker@example.com,10,Lab,94
923,jacobyoung@example.com,10,Lab,74
924,lilyward@example.com,10,Lab,45
925,matthewfoster@example.com,10,Lab,17
926,abigailbrooks@example.com,10,Lab,39
927,josephgriffin@example.com,10,Lab,79
928,ellareed@example.com,10,Lab,14
929,davidflores@example.com,10,Lab,4
930,chloehoward@example.com,10,Lab,68
931,andrewstewart@example.com,10,Lab,78
932,victoriaking@example.com,10,Lab,81
933,thomasphillips@example.com,10,Lab,42
934,hannahbutler@example.com,10,Lab,30
935,christophermorgan@example.com,10,Lab,99
936,arialee@example.com,10,Lab,69
937,anthonybell@example.com,10,Lab,34
938,nataliesanders@example.com,10,Lab,16
939,joshuamorris@example.com,10,Lab,97
940,scarlettrivera@example.com,10,Lab,95
941,jonathanperry@example.com,10,Lab,100
942,penelopecook@example.com,10,Lab,83
943,ryanpeterson@example.com,10,Lab,30
944,eleanorbarnes@example.com,10,Lab,88
945,calebjenkins@example.com,10,Lab,14
946,zoeyrussell@example.com,10,Lab,84
947,jackmurphy@example.com,10,Lab,0
948,madisonhayes@example.com,10,Lab,15
949,charlescoleman@example.com,10,Lab,29
950,laylacooper@example.com,10,Lab,21
951,ethankelly@example.com,10,Lab,99
952,sofiarichardson@example.com,10,Lab,12
953,owencox@example.com,10,Lab,8
954,noraward@example.com,10,Lab,4
955,isaacprice@example.com,10,Lab,83
956,hazellong@example.com,10,Lab,68
957,dylanpowell@example.com,10,Lab,93
958,lillianfisher@example.com,10,Lab,64
959,christianhenderson@example.com,10,Lab,77
960,audreymyers@example.com,10,Lab,20
961,lukebryant@example.com,10,Lab,36
962,lucynguyen@example.com,10,Lab,35
963,carterkim@example.com,10,Lab,69
964,samanthachavez@example.com,10,Lab,25
965,gabrieljenkins@example.com,10,Lab,7
966,bellamorales@example.com,10,Lab,27
967,aaronhayes@example.com,10,Lab,64
968,mayaporter@example.com,10,Lab,78
969,julianramirez@example.com,10,Lab,99
970,rubyhunter@example.com,10,Lab,44
971,leoross@example.com,10,Lab,21
972,sadiediaz@example.com,10,Lab,84
973,adamsimmons@example.com,10,Lab,39
974,violetgray@example.com,10,Lab,65
975,nathanmitchell@example.com,10,Lab,9
976,stellaperry@example.com,10,Lab,45
977,aidenrichardson@example.com,10,Lab,58
978,leahlopez@example.com,10,Lab,91
979,hunterbarnes@example.com,10,Lab,98
980,milabrooks@example.com,10,Lab,78
981,sebastiancarter@example.com,10,Lab,37
982,elliehughes@example.com,10,Lab,68
983,jacksonbennett@example.com,10,Lab,90
984,lunasanders@example.com,10,Lab,73
985,zacharyrogers@example.com,10,Lab,96
986,naomiward@example.com,10,Lab,4
987,liambrown@example.com,10,Lab,53
988,gabriellacruz@example.com,10,Lab,79
989,patrickreed@example.com,10,Lab,23
990,zoeylong@example.com,10,Lab,2
991,calebscott@example.com,10,Lab,11
992,harperthompson@example.com,10,Lab,30
993,blakecarter@example.com,10,Lab,82
994,emilycoleman@example.com,10,Lab,45
995,dominicmyers@example.com,10,Lab,19
996,gracebell@example.com,10,Lab,76
997,isaacwright@example.com,10,Lab,72
998,lilyphillips@example.com,10,Lab,3
999,jaydenstewart@example.com,10,Lab,14
1000,charlotteallen@example.com,10,Lab,73
1001,emilyjohnson@example.com,1,Quiz,65
1002,lucasanderson@example.com,1,Quiz,94
1003,benjaminharris@example.com,1,Quiz,99
1004,isabellamoore@example.com,1,Quiz,88
1005,jamescarter@example.com,1,Quiz,48
1006,oliviamartin@example.com,1,Quiz,93
1007,alexanderwright@example.com,1,Quiz,39
1008,sophialewis@example.com,1,Quiz,100
1009,michaelscott@example.com,1,Quiz,18
1010,ameliaclark@example.com,1,Quiz,19
1011,noahrobinson@example.com,1,Quiz,23
1012,gracerodriguez@example.com,1,Quiz,14
1013,elijahturner@example.com,1,Quiz,50
1014,avamitchell@example.com,1,Quiz,24
1015,williamcooper@example.com,1,Quiz,60
1016,charlottehill@example.com,1,Quiz,58
1017,henryadams@example.com,1,Quiz,78
1018,evelynbaker@example.com,1,Quiz,6
1019,samuelcollins@example.com,1,Quiz,85
1020,miaallen@example.com,1,Quiz,78
1021,danielbennett@example.com,1,Quiz,100
1022,harperparker@example.com,1,Quiz,77
1023,jacobyoung@example.com,1,Quiz,87
1024,lilyward@example.com,1,Quiz,34
1025,matthewfoster@example.com,1,Quiz,84
1026,abigailbrooks@example.com,1,Quiz,78
1027,josephgriffin@example.com,1,Quiz,14
1028,ellareed@example.com,1,Quiz,88
1029,davidflores@example.com,1,Quiz,46
1030,chloehoward@example.com,1,Quiz,60
1031,andrewstewart@example.com,1,Quiz,3
1032,victoriaking@example.com,1,Quiz,30
1033,thomasphillips@example.com,1,Quiz,95
1034,hannahbutler@example.com,1,Quiz,40
1035,christophermorgan@example.com,1,Quiz,21
1036,arialee@example.com,1,Quiz,1
1037,anthonybell@example.com,1,Quiz,48
1038,nataliesanders@example.com,1,Quiz,7
1039,joshuamorris@example.com,1,Quiz,7
1040,scarlettrivera@example.com,1,Quiz,69
1041,jonathanperry@example.com,1,Quiz,74
1042,penelopecook@example.com,1,Quiz,72
1043,ryanpeterson@example.com,1,Quiz,100
1044,eleanorbarnes@example.com,1,Quiz,69
1045,calebjenkins@example.com,1,Quiz,57
1046,zoeyrussell@example.com,1,Quiz,49
1047,jackmurphy@example.com,1,Quiz,0
1048,madisonhayes@example.com,1,Quiz,48
1049,charlescoleman@example.com,1,Quiz,93
1050,laylacooper@example.com,1,Quiz,12
1051,ethankelly@example.com,1,Quiz,58
1052,sofiarichardson@example.com,1,Quiz,17
1053,owencox@example.com,1,Quiz,70
1054,noraward@example.com,1,Quiz,67
1055,isaacprice@example.com,1,Quiz,0
1056,hazellong@example.com,1,Quiz,99
1057,dylanpowell@example.com,1,Quiz,61
1058,lillianfisher@example.com,1,Quiz,38
1059,christianhenderson@example.com,1,Quiz,12
1060,audreymyers@example.com,1,Quiz,29
1061,lukebryant@example.com,1,Quiz,10
1062,lucynguyen@example.com,1,Quiz,97
1063,carterkim@example.com,1,Quiz,48
1064,samanthachavez@example.com,1,Quiz,71
1065,gabrieljenkins@example.com,1,Quiz,71
1066,bellamorales@example.com,1,Quiz,60
1067,aaronhayes@example.com,1,Quiz,35
1068,mayaporter@example.com,1,Quiz,38
1069,julianramirez@example.com,1,Quiz,20
1070,rubyhunter@example.com,1,Quiz,22
1071,leoross@example.com,1,Quiz,46
1072,sadiediaz@example.com,1,Quiz,51
1073,adamsimmons@example.com,1,Quiz,2
1074,violetgray@example.com,1,Quiz,82
1075,nathanmitchell@example.com,1,Quiz,28
1076,stellaperry@example.com,1,Quiz,78
1077,aidenrichardson@example.com,1,Quiz,89
1078,leahlopez@example.com,1,Quiz,19
1079,hunterbarnes@example.com,1,Quiz,7
1080,milabrooks@example.com,1,Quiz,13
1081,sebastiancarter@example.com,1,Quiz,77
1082,elliehughes@example.com,1,Quiz,16
1083,jacksonbennett@example.com,1,Quiz,71
1084,lunasanders@example.com,1,Quiz,15
1085,zacharyrogers@example.com,1,Quiz,48
1086,naomiward@example.com,1,Quiz,15
1087,liambrown@example.com,1,Quiz,93
1088,gabriellacruz@example.com,1,Quiz,81
1089,patrickreed@example.com,1,Quiz,38
1090,zoeylong@example.com,1,Quiz,64
1091,calebscott@example.com,1,Quiz,65
1092,harperthompson@example.com,1,Quiz,12
1093,blakecarter@example.com,1,Quiz,58
1094,emilycoleman@example.com,1,Quiz,52
1095,dominicmyers@example.com,1,Quiz,85
1096,gracebell@example.com,1,Quiz,34
1097,isaacwright@example.com,1,Quiz,34
1098,lilyphillips@example.com,1,Quiz,98
1099,jaydenstewart@example.com,1,Quiz,74
1100,charlotteallen@example.com,1,Quiz,10
1101,emilyjohnson@example.com,2,Quiz,63
1102,lucasanderson@example.com,2,Quiz,9
1103,benjaminharris@example.com,2,Quiz,91
1104,isabellamoore@example.com,2,Quiz,88
1105,jamescarter@example.com,2,Quiz,94
1106,oliviamartin@example.com,2,Quiz,11
1107,alexanderwright@example.com,2,Quiz,65
1108,sophialewis@example.com,2,Quiz,23
1109,michaelscott@example.com,2,Quiz,92
1110,ameliaclark@example.com,2,Quiz,38
1111,noahrobinson@example.com,2,Quiz,43
1112,gracerodriguez@example.com,2,Quiz,86
1113,elijahturner@example.com,2,Quiz,47
1114,avamitchell@example.com,2,Quiz,10
1115,williamcooper@example.com,2,Quiz,31
1116,charlottehill@example.com,2,Quiz,41
1117,henryadams@example.com,2,Quiz,73
1118,evelynbaker@example.com,2,Quiz,94
1119,samuelcollins@example.com,2,Quiz,12
1120,miaallen@example.com,2,Quiz,91
1121,danielbennett@example.com,2,Quiz,9
1122,harperparker@example.com,2,Quiz,67
1123,jacobyoung@example.com,2,Quiz,36
1124,lilyward@example.com,2,Quiz,86
1125,matthewfoster@example.com,2,Quiz,14
1126,abigailbrooks@example.com,2,Quiz,78
1127,josephgriffin@example.com,2,Quiz,50
1128,ellareed@example.com,2,Quiz,20
1129,davidflores@example.com,2,Quiz,30
1130,chloehoward@example.com,2,Quiz,43
1131,andrewstewart@example.com,2,Quiz,41
1132,victoriaking@example.com,2,Quiz,41
1133,thomasphillips@example.com,2,Quiz,60
1134,hannahbutler@example.com,2,Quiz,10
1135,christophermorgan@example.com,2,Quiz,7
1136,arialee@example.com,2,Quiz,35
1137,anthonybell@example.com,2,Quiz,18
1138,nataliesanders@example.com,2,Quiz,90
1139,joshuamorris@example.com,2,Quiz,2
1140,scarlettrivera@example.com,2,Quiz,12
1141,jonathanperry@example.com,2,Quiz,96
1142,penelopecook@example.com,2,Quiz,57
1143,ryanpeterson@example.com,2,Quiz,66
1144,eleanorbarnes@example.com,2,Quiz,84
1145,calebjenkins@example.com,2,Quiz,53
1146,zoeyrussell@example.com,2,Quiz,18
1147,jackmurphy@example.com,2,Quiz,45
1148,madisonhayes@example.com,2,Quiz,60
1149,charlescoleman@example.com,2,Quiz,18
1150,laylacooper@example.com,2,Quiz,68
1151,ethankelly@example.com,2,Quiz,11
1152,sofiarichardson@example.com,2,Quiz,35
1153,owencox@example.com,2,Quiz,4
1154,noraward@example.com,2,Quiz,31
1155,isaacprice@example.com,2,Quiz,20
1156,hazellong@example.com,2,Quiz,1
1157,dylanpowell@example.com,2,Quiz,10
1158,lillianfisher@example.com,2,Quiz,91
1159,christianhenderson@example.com,2,Quiz,60
1160,audreymyers@example.com,2,Quiz,45
1161,lukebryant@example.com,2,Quiz,18
1162,lucynguyen@example.com,2,Quiz,52
1163,carterkim@example.com,2,Quiz,7
1164,samanthachavez@example.com,2,Quiz,92
1165,gabrieljenkins@example.com,2,Quiz,48
1166,bellamorales@example.com,2,Quiz,93
1167,aaronhayes@example.com,2,Quiz,88
1168,mayaporter@example.com,2,Quiz,70
1169,julianramirez@example.com,2,Quiz,62
1170,rubyhunter@example.com,2,Quiz,33
1171,leoross@example.com,2,Quiz,19
1172,sadiediaz@example.com,2,Quiz,7
1173,adamsimmons@example.com,2,Quiz,75
1174,violetgray@example.com,2,Quiz,9
1175,nathanmitchell@example.com,2,Quiz,90
1176,stellaperry@example.com,2,Quiz,63
1177,aidenrichardson@example.com,2,Quiz,95
1178,leahlopez@example.com,2,Quiz,37
1179,hunterbarnes@example.com,2,Quiz,28
1180,milabrooks@example.com,2,Quiz,83
1181,sebastiancarter@example.com,2,Quiz,35
1182,elliehughes@example.com,2,Quiz,67
1183,jacksonbennett@example.com,2,Quiz,21
1184,lunasanders@example.com,2,Quiz,49
1185,zacharyrogers@example.com,2,Quiz,53
1186,naomiward@example.com,2,Quiz,20
1187,liambrown@example.com,2,Quiz,5
1188,gabriellacruz@example.com,2,Quiz,96
1189,patrickreed@example.com,2,Quiz,7
1190,zoeylong@example.com,2,Quiz,71
1191,calebscott@example.com,2,Quiz,26
1192,harperthompson@example.com,2,Quiz,96
1193,blakecarter@example.com,2,Quiz,30
1194,emilycoleman@example.com,2,Quiz,91
1195,dominicmyers@example.com,2,Quiz,20
1196,gracebell@example.com,2,Quiz,41
1197,isaacwright@example.com,2,Quiz,65
1198,lilyphillips@example.com,2,Quiz,94
1199,jaydenstewart@example.com,2,Quiz,50
1200,charlotteallen@example.com,2,Quiz,44
1201,emilyjohnson@example.com,3,Quiz,19
1202,lucasanderson@example.com,3,Quiz,64
1203,benjaminharris@example.com,3,Quiz,97
1204,isabellamoore@example.com,3,Quiz,43
1205,jamescarter@example.com,3,Quiz,31
1206,oliviamartin@example.com,3,Quiz,88
1207,alexanderwright@example.com,3,Quiz,37
1208,sophialewis@example.com,3,Quiz,68
1209,michaelscott@example.com,3,Quiz,68
1210,ameliaclark@example.com,3,Quiz,44
1211,noahrobinson@example.com,3,Quiz,68
1212,gracerodriguez@example.com,3,Quiz,63
1213,elijahturner@example.com,3,Quiz,58
1214,avamitchell@example.com,3,Quiz,17
1215,williamcooper@example.com,3,Quiz,28
1216,charlottehill@example.com,3,Quiz,19
1217,henryadams@example.com,3,Quiz,7
1218,evelynbaker@example.com,3,Quiz,99
1219,samuelcollins@example.com,3,Quiz,100
1220,miaallen@example.com,3,Quiz,8
1221,danielbennett@example.com,3,Quiz,5
1222,harperparker@example.com,3,Quiz,76
1223,jacobyoung@example.com,3,Quiz,99
1224,lilyward@example.com,3,Quiz,68
1225,matthewfoster@example.com,3,Quiz,20
1226,abigailbrooks@example.com,3,Quiz,80
1227,josephgriffin@example.com,3,Quiz,94
1228,ellareed@example.com,3,Quiz,82
1229,davidflores@example.com,3,Quiz,27
1230,chloehoward@example.com,3,Quiz,67
1231,andrewstewart@example.com,3,Quiz,71
1232,victoriaking@example.com,3,Quiz,41
1233,thomasphillips@example.com,3,Quiz,62
1234,hannahbutler@example.com,3,Quiz,18
1235,christophermorgan@example.com,3,Quiz,100
1236,arialee@example.com,3,Quiz,65
1237,anthonybell@example.com,3,Quiz,68
1238,nataliesanders@example.com,3,Quiz,81
1239,joshuamorris@example.com,3,Quiz,76
1240,scarlettrivera@example.com,3,Quiz,99
1241,jonathanperry@example.com,3,Quiz,77
1242,penelopecook@example.com,3,Quiz,88
1243,ryanpeterson@example.com,3,Quiz,0
1244,eleanorbarnes@example.com,3,Quiz,64
1245,calebjenkins@example.com,3,Quiz,28
1246,zoeyrussell@example.com,3,Quiz,15
1247,jackmurphy@example.com,3,Quiz,1
1248,madisonhayes@example.com,3,Quiz,54
1249,charlescoleman@example.com,3,Quiz,34
1250,laylacooper@example.com,3,Quiz,77
1251,ethankelly@example.com,3,Quiz,95
1252,sofiarichardson@example.com,3,Quiz,18
1253,owencox@example.com,3,Quiz,87
1254,noraward@example.com,3,Quiz,79
1255,isaacprice@example.com,3,Quiz,44
1256,hazellong@example.com,3,Quiz,51
1257,dylanpowell@example.com,3,Quiz,63
1258,lillianfisher@example.com,3,Quiz,90
1259,christianhenderson@example.com,3,Quiz,67
1260,audreymyers@example.com,3,Quiz,32
1261,lukebryant@example.com,3,Quiz,24
1262,lucynguyen@example.com,3,Quiz,68
1263,carterkim@example.com,3,Quiz,74
1264,samanthachavez@example.com,3,Quiz,10
1265,gabrieljenkins@example.com,3,Quiz,87
1266,bellamorales@example.com,3,Quiz,52
1267,aaronhayes@example.com,3,Quiz,27
1268,mayaporter@example.com,3,Quiz,86
1269,julianramirez@example.com,3,Quiz,17
1270,rubyhunter@example.com,3,Quiz,49
1271,leoross@example.com,3,Quiz,83
1272,sadiediaz@example.com,3,Quiz,50
1273,adamsimmons@example.com,3,Quiz,81
1274,violetgray@example.com,3,Quiz,16
1275,nathanmitchell@example.com,3,Quiz,35
1276,stellaperry@example.com,3,Quiz,11
1277,aidenrichardson@example.com,3,Quiz,65
1278,leahlopez@example.com,3,Quiz,39
1279,hunterbarnes@example.com,3,Quiz,45
1280,milabrooks@example.com,3,Quiz,38
1281,sebastiancarter@example.com,3,Quiz,40
1282,elliehughes@example.com,3,Quiz,67
1283,jacksonbennett@example.com,3,Quiz,74
1284,lunasanders@example.com,3,Quiz,76
1285,zacharyrogers@example.com,3,Quiz,58
1286,naomiward@example.com,3,Quiz,88
1287,liambrown@example.com,3,Quiz,73
1288,gabriellacruz@example.com,3,Quiz,20
1289,patrickreed@example.com,3,Quiz,90
1290,zoeylong@example.com,3,Quiz,69
1291,calebscott@example.com,3,Quiz,58
1292,harperthompson@example.com,3,Quiz,97
1293,blakecarter@example.com,3,Quiz,27
1294,emilycoleman@example.com,3,Quiz,32
1295,dominicmyers@example.com,3,Quiz,5
1296,gracebell@example.com,3,Quiz,89
1297,isaacwright@example.com,3,Quiz,83
1298,lilyphillips@example.com,3,Quiz,43
1299,jaydenstewart@example.com,3,Quiz,37
1300,charlotteallen@example.com,3,Quiz,83
1301,emilyjohnson@example.com,4,Quiz,29
1302,lucasanderson@example.com,4,Quiz,40
1303,benjaminharris@example.com,4,Quiz,27
1304,isabellamoore@example.com,4,Quiz,74
1305,jamescarter@example.com,4,Quiz,75
1306,oliviamartin@example.com,4,Quiz,81
1307,alexanderwright@example.com,4,Quiz,43
1308,sophialewis@example.com,4,Quiz,33
1309,michaelscott@example.com,4,Quiz,95
1310,ameliaclark@example.com,4,Quiz,21
1311,noahrobinson@example.com,4,Quiz,68
1312,gracerodriguez@example.com,4,Quiz,19
1313,elijahturner@example.com,4,Quiz,98
1314,avamitchell@example.com,4,Quiz,75
1315,williamcooper@example.com,4,Quiz,18
1316,charlottehill@example.com,4,Quiz,2
1317,henryadams@example.com,4,Quiz,86
1318,evelynbaker@example.com,4,Quiz,87
1319,samuelcollins@example.com,4,Quiz,67
1320,miaallen@example.com,4,Quiz,41
1321,danielbennett@example.com,4,Quiz,76
1322,harperparker@example.com,4,Quiz,14
1323,jacobyoung@example.com,4,Quiz,97
1324,lilyward@example.com,4,Quiz,36
1325,matthewfoster@example.com,4,Quiz,55
1326,abigailbrooks@example.com,4,Quiz,10
1327,josephgriffin@example.com,4,Quiz,77
1328,ellareed@example.com,4,Quiz,62
1329,davidflores@example.com,4,Quiz,21
1330,chloehoward@example.com,4,Quiz,59
1331,andrewstewart@example.com,4,Quiz,100
1332,victoriaking@example.com,4,Quiz,59
1333,thomasphillips@example.com,4,Quiz,38
1334,hannahbutler@example.com,4,Quiz,10
1335,christophermorgan@example.com,4,Quiz,15
1336,arialee@example.com,4,Quiz,49
1337,anthonybell@example.com,4,Quiz,53
1338,nataliesanders@example.com,4,Quiz,7
1339,joshuamorris@example.com,4,Quiz,95
1340,scarlettrivera@example.com,4,Quiz,60
1341,jonathanperry@example.com,4,Quiz,45
1342,penelopecook@example.com,4,Quiz,17
1343,ryanpeterson@example.com,4,Quiz,1
1344,eleanorbarnes@example.com,4,Quiz,27
1345,calebjenkins@example.com,4,Quiz,11
1346,zoeyrussell@example.com,4,Quiz,32
1347,jackmurphy@example.com,4,Quiz,25
1348,madisonhayes@example.com,4,Quiz,19
1349,charlescoleman@example.com,4,Quiz,16
1350,laylacooper@example.com,4,Quiz,6
1351,ethankelly@example.com,4,Quiz,5
1352,sofiarichardson@example.com,4,Quiz,15
1353,owencox@example.com,4,Quiz,67
1354,noraward@example.com,4,Quiz,84
1355,isaacprice@example.com,4,Quiz,15
1356,hazellong@example.com,4,Quiz,13
1357,dylanpowell@example.com,4,Quiz,55
1358,lillianfisher@example.com,4,Quiz,14
1359,christianhenderson@example.com,4,Quiz,84
1360,audreymyers@example.com,4,Quiz,92
1361,lukebryant@example.com,4,Quiz,52
1362,lucynguyen@example.com,4,Quiz,14
1363,carterkim@example.com,4,Quiz,78
1364,samanthachavez@example.com,4,Quiz,50
1365,gabrieljenkins@example.com,4,Quiz,93
1366,bellamorales@example.com,4,Quiz,30
1367,aaronhayes@example.com,4,Quiz,100
1368,mayaporter@example.com,4,Quiz,51
1369,julianramirez@example.com,4,Quiz,39
1370,rubyhunter@example.com,4,Quiz,62
1371,leoross@example.com,4,Quiz,14
1372,sadiediaz@example.com,4,Quiz,23
1373,adamsimmons@example.com,4,Quiz,81
1374,violetgray@example.com,4,Quiz,94
1375,nathanmitchell@example.com,4,Quiz,54
1376,stellaperry@example.com,4,Quiz,97
1377,aidenrichardson@example.com,4,Quiz,34
1378,leahlopez@example.com,4,Quiz,16
1379,hunterbarnes@example.com,4,Quiz,92
1380,milabrooks@example.com,4,Quiz,40
1381,sebastiancarter@example.com,4,Quiz,20
1382,elliehughes@example.com,4,Quiz,55
1383,jacksonbennett@example.com,4,Quiz,98
1384,lunasanders@example.com,4,Quiz,6
1385,zacharyrogers@example.com,4,Quiz,22
1386,naomiward@example.com,4,Quiz,28
1387,liambrown@example.com,4,Quiz,53
1388,gabriellacruz@example.com,4,Quiz,82
1389,patrickreed@example.com,4,Quiz,31
1390,zoeylong@example.com,4,Quiz,84
1391,calebscott@example.com,4,Quiz,73
1392,harperthompson@example.com,4,Quiz,68
1393,blakecarter@example.com,4,Quiz,70
1394,emilycoleman@example.com,4,Quiz,5
1395,dominicmyers@example.com,4,Quiz,11
1396,gracebell@example.com,4,Quiz,33
1397,isaacwright@example.com,4,Quiz,73
1398,lilyphillips@example.com,4,Quiz,47
1399,jaydenstewart@example.com,4,Quiz,50
1400,charlotteallen@example.com,4,Quiz,53
1401,emilyjohnson@example.com,5,Quiz,51
1402,lucasanderson@example.com,5,Quiz,58
1403,benjaminharris@example.com,5,Quiz,92
1404,isabellamoore@example.com,5,Quiz,11
1405,jamescarter@example.com,5,Quiz,20
1406,oliviamartin@example.com,5,Quiz,40
1407,alexanderwright@example.com,5,Quiz,41
1408,sophialewis@example.com,5,Quiz,36
1409,michaelscott@example.com,5,Quiz,20
1410,ameliaclark@example.com,5,Quiz,84
1411,noahrobinson@example.com,5,Quiz,86
1412,gracerodriguez@example.com,5,Quiz,23
1413,elijahturner@example.com,5,Quiz,57
1414,avamitchell@example.com,5,Quiz,73
1415,williamcooper@example.com,5,Quiz,16
1416,charlottehill@example.com,5,Quiz,0
1417,henryadams@example.com,5,Quiz,68
1418,evelynbaker@example.com,5,Quiz,73
1419,samuelcollins@example.com,5,Quiz,6
1420,miaallen@example.com,5,Quiz,56
1421,danielbennett@example.com,5,Quiz,69
1422,harperparker@example.com,5,Quiz,74
1423,jacobyoung@example.com,5,Quiz,34
1424,lilyward@example.com,5,Quiz,97
1425,matthewfoster@example.com,5,Quiz,98
1426,abigailbrooks@example.com,5,Quiz,53
1427,josephgriffin@example.com,5,Quiz,28
1428,ellareed@example.com,5,Quiz,69
1429,davidflores@example.com,5,Quiz,17
1430,chloehoward@example.com,5,Quiz,39
1431,andrewstewart@example.com,5,Quiz,100
1432,victoriaking@example.com,5,Quiz,93
1433,thomasphillips@example.com,5,Quiz,82
1434,hannahbutler@example.com,5,Quiz,8
1435,christophermorgan@example.com,5,Quiz,5
1436,arialee@example.com,5,Quiz,79
1437,anthonybell@example.com,5,Quiz,88
1438,nataliesanders@example.com,5,Quiz,83
1439,joshuamorris@example.com,5,Quiz,85
1440,scarlettrivera@example.com,5,Quiz,90
1441,jonathanperry@example.com,5,Quiz,37
1442,penelopecook@example.com,5,Quiz,59
1443,ryanpeterson@example.com,5,Quiz,93
1444,eleanorbarnes@example.com,5,Quiz,5
1445,calebjenkins@example.com,5,Quiz,98
1446,zoeyrussell@example.com,5,Quiz,55
1447,jackmurphy@example.com,5,Quiz,81
1448,madisonhayes@example.com,5,Quiz,58
1449,charlescoleman@example.com,5,Quiz,67
1450,laylacooper@example.com,5,Quiz,27
1451,ethankelly@example.com,5,Quiz,74
1452,sofiarichardson@example.com,5,Quiz,26
1453,owencox@example.com,5,Quiz,70
1454,noraward@example.com,5,Quiz,30
1455,isaacprice@example.com,5,Quiz,86
1456,hazellong@example.com,5,Quiz,35
1457,dylanpowell@example.com,5,Quiz,71
1458,lillianfisher@example.com,5,Quiz,4
1459,christianhenderson@example.com,5,Quiz,98
1460,audreymyers@example.com,5,Quiz,17
1461,lukebryant@example.com,5,Quiz,85
1462,lucynguyen@example.com,5,Quiz,0
1463,carterkim@example.com,5,Quiz,96
1464,samanthachavez@example.com,5,Quiz,19
1465,gabrieljenkins@example.com,5,Quiz,63
1466,bellamorales@example.com,5,Quiz,66
1467,aaronhayes@example.com,5,Quiz,79
1468,mayaporter@example.com,5,Quiz,45
1469,julianramirez@example.com,5,Quiz,66
1470,rubyhunter@example.com,5,Quiz,85
1471,leoross@example.com,5,Quiz,1
1472,sadiediaz@example.com,5,Quiz,40
1473,adamsimmons@example.com,5,Quiz,51
1474,violetgray@example.com,5,Quiz,5
1475,nathanmitchell@example.com,5,Quiz,13
1476,stellaperry@example.com,5,Quiz,84
1477,aidenrichardson@example.com,5,Quiz,32
1478,leahlopez@example.com,5,Quiz,94
1479,hunterbarnes@example.com,5,Quiz,87
1480,milabrooks@example.com,5,Quiz,96
1481,sebastiancarter@example.com,5,Quiz,34
1482,elliehughes@example.com,5,Quiz,13
1483,jacksonbennett@example.com,5,Quiz,88
1484,lunasanders@example.com,5,Quiz,31
1485,zacharyrogers@example.com,5,Quiz,99
1486,naomiward@example.com,5,Quiz,57
1487,liambrown@example.com,5,Quiz,83
1488,gabriellacruz@example.com,5,Quiz,66
1489,patrickreed@example.com,5,Quiz,100
1490,zoeylong@example.com,5,Quiz,42
1491,calebscott@example.com,5,Quiz,100
1492,harperthompson@example.com,5,Quiz,36
1493,blakecarter@example.com,5,Quiz,4
1494,emilycoleman@example.com,5,Quiz,44
1495,dominicmyers@example.com,5,Quiz,27
1496,gracebell@example.com,5,Quiz,100
1497,isaacwright@example.com,5,Quiz,84
1498,lilyphillips@example.com,5,Quiz,5
1499,jaydenstewart@example.com,5,Quiz,70
1500,charlotteallen@example.com,5,Quiz,70
1501,emilyjohnson@example.com,6,Quiz,46
1502,lucasanderson@example.com,6,Quiz,38
1503,benjaminharris@example.com,6,Quiz,85
1504,isabellamoore@example.com,6,Quiz,89
1505,jamescarter@example.com,6,Quiz,11
1506,oliviamartin@example.com,6,Quiz,84
1507,alexanderwright@example.com,6,Quiz,99
1508,sophialewis@example.com,6,Quiz,36
1509,michaelscott@example.com,6,Quiz,74
1510,ameliaclark@example.com,6,Quiz,94
1511,noahrobinson@example.com,6,Quiz,64
1512,gracerodriguez@example.com,6,Quiz,20
1513,elijahturner@example.com,6,Quiz,39
1514,avamitchell@example.com,6,Quiz,86
1515,williamcooper@example.com,6,Quiz,80
1516,charlottehill@example.com,6,Quiz,81
1517,henryadams@example.com,6,Quiz,18
1518,evelynbaker@example.com,6,Quiz,58
1519,samuelcollins@example.com,6,Quiz,33
1520,miaallen@example.com,6,Quiz,1
1521,danielbennett@example.com,6,Quiz,5
1522,harperparker@example.com,6,Quiz,94
1523,jacobyoung@example.com,6,Quiz,54
1524,lilyward@example.com,6,Quiz,26
1525,matthewfoster@example.com,6,Quiz,38
1526,abigailbrooks@example.com,6,Quiz,99
1527,josephgriffin@example.com,6,Quiz,55
1528,ellareed@example.com,6,Quiz,100
1529,davidflores@example.com,6,Quiz,12
1530,chloehoward@example.com,6,Quiz,72
1531,andrewstewart@example.com,6,Quiz,15
1532,victoriaking@example.com,6,Quiz,74
1533,thomasphillips@example.com,6,Quiz,58
1534,hannahbutler@example.com,6,Quiz,54
1535,christophermorgan@example.com,6,Quiz,55
1536,arialee@example.com,6,Quiz,73
1537,anthonybell@example.com,6,Quiz,5
1538,nataliesanders@example.com,6,Quiz,69
1539,joshuamorris@example.com,6,Quiz,32
1540,scarlettrivera@example.com,6,Quiz,37
1541,jonathanperry@example.com,6,Quiz,40
1542,penelopecook@example.com,6,Quiz,71
1543,ryanpeterson@example.com,6,Quiz,74
1544,eleanorbarnes@example.com,6,Quiz,56
1545,calebjenkins@example.com,6,Quiz,24
1546,zoeyrussell@example.com,6,Quiz,83
1547,jackmurphy@example.com,6,Quiz,75
1548,madisonhayes@example.com,6,Quiz,65
1549,charlescoleman@example.com,6,Quiz,84
1550,laylacooper@example.com,6,Quiz,37
1551,ethankelly@example.com,6,Quiz,19
1552,sofiarichardson@example.com,6,Quiz,92
1553,owencox@example.com,6,Quiz,25
1554,noraward@example.com,6,Quiz,98
1555,isaacprice@example.com,6,Quiz,76
1556,hazellong@example.com,6,Quiz,65
1557,dylanpowell@example.com,6,Quiz,3
1558,lillianfisher@example.com,6,Quiz,99
1559,christianhenderson@example.com,6,Quiz,47
1560,audreymyers@example.com,6,Quiz,26
1561,lukebryant@example.com,6,Quiz,90
1562,lucynguyen@example.com,6,Quiz,27
1563,carterkim@example.com,6,Quiz,46
1564,samanthachavez@example.com,6,Quiz,98
1565,gabrieljenkins@example.com,6,Quiz,31
1566,bellamorales@example.com,6,Quiz,53
1567,aaronhayes@example.com,6,Quiz,32
1568,mayaporter@example.com,6,Quiz,23
1569,julianramirez@example.com,6,Quiz,80
1570,rubyhunter@example.com,6,Quiz,25
1571,leoross@example.com,6,Quiz,97
1572,sadiediaz@example.com,6,Quiz,26
1573,adamsimmons@example.com,6,Quiz,50
1574,violetgray@example.com,6,Quiz,52
1575,nathanmitchell@example.com,6,Quiz,56
1576,stellaperry@example.com,6,Quiz,82
1577,aidenrichardson@example.com,6,Quiz,39
1578,leahlopez@example.com,6,Quiz,27
1579,hunterbarnes@example.com,6,Quiz,55
1580,milabrooks@example.com,6,Quiz,15
1581,sebastiancarter@example.com,6,Quiz,39
1582,elliehughes@example.com,6,Quiz,56
1583,jacksonbennett@example.com,6,Quiz,34
1584,lunasanders@example.com,6,Quiz,88
1585,zacharyrogers@example.com,6,Quiz,10
1586,naomiward@example.com,6,Quiz,43
1587,liambrown@example.com,6,Quiz,9
1588,gabriellacruz@example.com,6,Quiz,3
1589,patrickreed@example.com,6,Quiz,20
1590,zoeylong@example.com,6,Quiz,42
1591,calebscott@example.com,6,Quiz,57
1592,harperthompson@example.com,6,Quiz,93
1593,blakecarter@example.com,6,Quiz,51
1594,emilycoleman@example.com,6,Quiz,46
1595,dominicmyers@example.com,6,Quiz,3
1596,gracebell@example.com,6,Quiz,36
1597,isaacwright@example.com,6,Quiz,14
1598,lilyphillips@example.com,6,Quiz,82
1599,jaydenstewart@example.com,6,Quiz,7
1600,charlotteallen@example.com,6,Quiz,56
1601,emilyjohnson@example.com,7,Quiz,8
1602,lucasanderson@example.com,7,Quiz,1
1603,benjaminharris@example.com,7,Quiz,32
1604,isabellamoore@example.com,7,Quiz,60
1605,jamescarter@example.com,7,Quiz,31
1606,oliviamartin@example.com,7,Quiz,49
1607,alexanderwright@example.com,7,Quiz,66
1608,sophialewis@example.com,7,Quiz,9
1609,michaelscott@example.com,7,Quiz,43
1610,ameliaclark@example.com,7,Quiz,54
1611,noahrobinson@example.com,7,Quiz,61
1612,gracerodriguez@example.com,7,Quiz,40
1613,elijahturner@example.com,7,Quiz,35
1614,avamitchell@example.com,7,Quiz,47
1615,williamcooper@example.com,7,Quiz,52
1616,charlottehill@example.com,7,Quiz,63
1617,henryadams@example.com,7,Quiz,24
1618,evelynbaker@example.com,7,Quiz,27
1619,samuelcollins@example.com,7,Quiz,85
1620,miaallen@example.com,7,Quiz,88
1621,danielbennett@example.com,7,Quiz,70
1622,harperparker@example.com,7,Quiz,0
1623,jacobyoung@example.com,7,Quiz,94
1624,lilyward@example.com,7,Quiz,78
1625,matthewfoster@example.com,7,Quiz,37
1626,abigailbrooks@example.com,7,Quiz,99
1627,josephgriffin@example.com,7,Quiz,96
1628,ellareed@example.com,7,Quiz,60
1629,davidflores@example.com,7,Quiz,53
1630,chloehoward@example.com,7,Quiz,16
1631,andrewstewart@example.com,7,Quiz,72
1632,victoriaking@example.com,7,Quiz,23
1633,thomasphillips@example.com,7,Quiz,83
1634,hannahbutler@example.com,7,Quiz,22
1635,christophermorgan@example.com,7,Quiz,66
1636,arialee@example.com,7,Quiz,8
1637,anthonybell@example.com,7,Quiz,76
1638,nataliesanders@example.com,7,Quiz,40
1639,joshuamorris@example.com,7,Quiz,94
1640,scarlettrivera@example.com,7,Quiz,70
1641,jonathanperry@example.com,7,Quiz,94
1642,penelopecook@example.com,7,Quiz,64
1643,ryanpeterson@example.com,7,Quiz,39
1644,eleanorbarnes@example.com,7,Quiz,86
1645,calebjenkins@example.com,7,Quiz,49
1646,zoeyrussell@example.com,7,Quiz,63
1647,jackmurphy@example.com,7,Quiz,35
1648,madisonhayes@example.com,7,Quiz,33
1649,charlescoleman@example.com,7,Quiz,48
1650,laylacooper@example.com,7,Quiz,11
1651,ethankelly@example.com,7,Quiz,18
1652,sofiarichardson@example.com,7,Quiz,49
1653,owencox@example.com,7,Quiz,95
1654,noraward@example.com,7,Quiz,10
1655,isaacprice@example.com,7,Quiz,6
1656,hazellong@example.com,7,Quiz,72
1657,dylanpowell@example.com,7,Quiz,41
1658,lillianfisher@example.com,7,Quiz,69
1659,christianhenderson@example.com,7,Quiz,58
1660,audreymyers@example.com,7,Quiz,73
1661,lukebryant@example.com,7,Quiz,34
1662,lucynguyen@example.com,7,Quiz,51
1663,carterkim@example.com,7,Quiz,59
1664,samanthachavez@example.com,7,Quiz,6
1665,gabrieljenkins@example.com,7,Quiz,88
1666,bellamorales@example.com,7,Quiz,48
1667,aaronhayes@example.com,7,Quiz,50
1668,mayaporter@example.com,7,Quiz,86
1669,julianramirez@example.com,7,Quiz,14
1670,rubyhunter@example.com,7,Quiz,13
1671,leoross@example.com,7,Quiz,19
1672,sadiediaz@example.com,7,Quiz,26
1673,adamsimmons@example.com,7,Quiz,97
1674,violetgray@example.com,7,Quiz,24
1675,nathanmitchell@example.com,7,Quiz,68
1676,stellaperry@example.com,7,Quiz,7
1677,aidenrichardson@example.com,7,Quiz,56
1678,leahlopez@example.com,7,Quiz,42
1679,hunterbarnes@example.com,7,Quiz,65
1680,milabrooks@example.com,7,Quiz,37
1681,sebastiancarter@example.com,7,Quiz,46
1682,elliehughes@example.com,7,Quiz,66
1683,jacksonbennett@example.com,7,Quiz,38
1684,lunasanders@example.com,7,Quiz,24
1685,zacharyrogers@example.com,7,Quiz,6
1686,naomiward@example.com,7,Quiz,65
1687,liambrown@example.com,7,Quiz,69
1688,gabriellacruz@example.com,7,Quiz,63
1689,patrickreed@example.com,7,Quiz,18
1690,zoeylong@example.com,7,Quiz,64
1691,calebscott@example.com,7,Quiz,94
1692,harperthompson@example.com,7,Quiz,7
1693,blakecarter@example.com,7,Quiz,0
1694,emilycoleman@example.com,7,Quiz,84
1695,dominicmyers@example.com,7,Quiz,79
1696,gracebell@example.com,7,Quiz,56
1697,isaacwright@example.com,7,Quiz,66
1698,lilyphillips@example.com,7,Quiz,42
1699,jaydenstewart@example.com,7,Quiz,73
1700,charlotteallen@example.com,7,Quiz,6
1701,emilyjohnson@example.com,8,Quiz,4
1702,lucasanderson@example.com,8,Quiz,82
1703,benjaminharris@example.com,8,Quiz,70
1704,isabellamoore@example.com,8,Quiz,92
1705,jamescarter@example.com,8,Quiz,58
1706,oliviamartin@example.com,8,Quiz,77
1707,alexanderwright@example.com,8,Quiz,95
1708,sophialewis@example.com,8,Quiz,20
1709,michaelscott@example.com,8,Quiz,53
1710,ameliaclark@example.com,8,Quiz,73
1711,noahrobinson@example.com,8,Quiz,8
1712,gracerodriguez@example.com,8,Quiz,17
1713,elijahturner@example.com,8,Quiz,53
1714,avamitchell@example.com,8,Quiz,52
1715,williamcooper@example.com,8,Quiz,54
1716,charlottehill@example.com,8,Quiz,76
1717,henryadams@example.com,8,Quiz,8
1718,evelynbaker@example.com,8,Quiz,65
1719,samuelcollins@example.com,8,Quiz,87
1720,miaallen@example.com,8,Quiz,3
1721,danielbennett@example.com,8,Quiz,19
1722,harperparker@example.com,8,Quiz,70
1723,jacobyoung@example.com,8,Quiz,15
1724,lilyward@example.com,8,Quiz,95
1725,matthewfoster@example.com,8,Quiz,95
1726,abigailbrooks@example.com,8,Quiz,84
1727,josephgriffin@example.com,8,Quiz,43
1728,ellareed@example.com,8,Quiz,30
1729,davidflores@example.com,8,Quiz,1
1730,chloehoward@example.com,8,Quiz,99
1731,andrewstewart@example.com,8,Quiz,72
1732,victoriaking@example.com,8,Quiz,72
1733,thomasphillips@example.com,8,Quiz,37
1734,hannahbutler@example.com,8,Quiz,72
1735,christophermorgan@example.com,8,Quiz,7
1736,arialee@example.com,8,Quiz,64
1737,anthonybell@example.com,8,Quiz,83
1738,nataliesanders@example.com,8,Quiz,95
1739,joshuamorris@example.com,8,Quiz,64
1740,scarlettrivera@example.com,8,Quiz,13
1741,jonathanperry@example.com,8,Quiz,36
1742,penelopecook@example.com,8,Quiz,27
1743,ryanpeterson@example.com,8,Quiz,44
1744,eleanorbarnes@example.com,8,Quiz,78
1745,calebjenkins@example.com,8,Quiz,88
1746,zoeyrussell@example.com,8,Quiz,87
1747,jackmurphy@example.com,8,Quiz,39
1748,madisonhayes@example.com,8,Quiz,35
1749,charlescoleman@example.com,8,Quiz,95
1750,laylacooper@example.com,8,Quiz,32
1751,ethankelly@example.com,8,Quiz,70
1752,sofiarichardson@example.com,8,Quiz,52
1753,owencox@example.com,8,Quiz,84
1754,noraward@example.com,8,Quiz,41
1755,isaacprice@example.com,8,Quiz,38
1756,hazellong@example.com,8,Quiz,54
1757,dylanpowell@example.com,8,Quiz,21
1758,lillianfisher@example.com,8,Quiz,32
1759,christianhenderson@example.com,8,Quiz,67
1760,audreymyers@example.com,8,Quiz,75
1761,lukebryant@example.com,8,Quiz,56
1762,lucynguyen@example.com,8,Quiz,33
1763,carterkim@example.com,8,Quiz,57
1764,samanthachavez@example.com,8,Quiz,92
1765,gabrieljenkins@example.com,8,Quiz,29
1766,bellamorales@example.com,8,Quiz,8
1767,aaronhayes@example.com,8,Quiz,42
1768,mayaporter@example.com,8,Quiz,75
1769,julianramirez@example.com,8,Quiz,14
1770,rubyhunter@example.com,8,Quiz,49
1771,leoross@example.com,8,Quiz,97
1772,sadiediaz@example.com,8,Quiz,33
1773,adamsimmons@example.com,8,Quiz,64
1774,violetgray@example.com,8,Quiz,42
1775,nathanmitchell@example.com,8,Quiz,15
1776,stellaperry@example.com,8,Quiz,8
1777,aidenrichardson@example.com,8,Quiz,42
1778,leahlopez@example.com,8,Quiz,0
1779,hunterbarnes@example.com,8,Quiz,66
1780,milabrooks@example.com,8,Quiz,9
1781,sebastiancarter@example.com,8,Quiz,47
1782,elliehughes@example.com,8,Quiz,1
1783,jacksonbennett@example.com,8,Quiz,60
1784,lunasanders@example.com,8,Quiz,21
1785,zacharyrogers@example.com,8,Quiz,62
1786,naomiward@example.com,8,Quiz,25
1787,liambrown@example.com,8,Quiz,59
1788,gabriellacruz@example.com,8,Quiz,74
1789,patrickreed@example.com,8,Quiz,15
1790,zoeylong@example.com,8,Quiz,3
1791,calebscott@example.com,8,Quiz,25
1792,harperthompson@example.com,8,Quiz,31
1793,blakecarter@example.com,8,Quiz,99
1794,emilycoleman@example.com,8,Quiz,66
1795,dominicmyers@example.com,8,Quiz,47
1796,gracebell@example.com,8,Quiz,53
1797,isaacwright@example.com,8,Quiz,57
1798,lilyphillips@example.com,8,Quiz,81
1799,jaydenstewart@example.com,8,Quiz,26
1800,charlotteallen@example.com,8,Quiz,31
1801,emilyjohnson@example.com,9,Quiz,90
1802,lucasanderson@example.com,9,Quiz,94
1803,benjaminharris@example.com,9,Quiz,2
1804,isabellamoore@example.com,9,Quiz,44
1805,jamescarter@example.com,9,Quiz,39
1806,oliviamartin@example.com,9,Quiz,57
1807,alexanderwright@example.com,9,Quiz,95
1808,sophialewis@example.com,9,Quiz,40
1809,michaelscott@example.com,9,Quiz,89
1810,ameliaclark@example.com,9,Quiz,30
1811,noahrobinson@example.com,9,Quiz,46
1812,gracerodriguez@example.com,9,Quiz,84
1813,elijahturner@example.com,9,Quiz,62
1814,avamitchell@example.com,9,Quiz,60
1815,williamcooper@example.com,9,Quiz,15
1816,charlottehill@example.com,9,Quiz,51
1817,henryadams@example.com,9,Quiz,37
1818,evelynbaker@example.com,9,Quiz,80
1819,samuelcollins@example.com,9,Quiz,88
1820,miaallen@example.com,9,Quiz,74
1821,danielbennett@example.com,9,Quiz,24
1822,harperparker@example.com,9,Quiz,19
1823,jacobyoung@example.com,9,Quiz,19
1824,lilyward@example.com,9,Quiz,34
1825,matthewfoster@example.com,9,Quiz,51
1826,abigailbrooks@example.com,9,Quiz,74
1827,josephgriffin@example.com,9,Quiz,100
1828,ellareed@example.com,9,Quiz,0
1829,davidflores@example.com,9,Quiz,79
1830,chloehoward@example.com,9,Quiz,92
1831,andrewstewart@example.com,9,Quiz,39
1832,victoriaking@example.com,9,Quiz,11
1833,thomasphillips@example.com,9,Quiz,68
1834,hannahbutler@example.com,9,Quiz,27
1835,christophermorgan@example.com,9,Quiz,70
1836,arialee@example.com,9,Quiz,30
1837,anthonybell@example.com,9,Quiz,22
1838,nataliesanders@example.com,9,Quiz,89
1839,joshuamorris@example.com,9,Quiz,52
1840,scarlettrivera@example.com,9,Quiz,37
1841,jonathanperry@example.com,9,Quiz,33
1842,penelopecook@example.com,9,Quiz,27
1843,ryanpeterson@example.com,9,Quiz,38
1844,eleanorbarnes@example.com,9,Quiz,86
1845,calebjenkins@example.com,9,Quiz,99
1846,zoeyrussell@example.com,9,Quiz,47
1847,jackmurphy@example.com,9,Quiz,97
1848,madisonhayes@example.com,9,Quiz,46
1849,charlescoleman@example.com,9,Quiz,66
1850,laylacooper@example.com,9,Quiz,20
1851,ethankelly@example.com,9,Quiz,98
1852,sofiarichardson@example.com,9,Quiz,0
1853,owencox@example.com,9,Quiz,13
1854,noraward@example.com,9,Quiz,18
1855,isaacprice@example.com,9,Quiz,18
1856,hazellong@example.com,9,Quiz,81
1857,dylanpowell@example.com,9,Quiz,28
1858,lillianfisher@example.com,9,Quiz,61
1859,christianhenderson@example.com,9,Quiz,48
1860,audreymyers@example.com,9,Quiz,86
1861,lukebryant@example.com,9,Quiz,65
1862,lucynguyen@example.com,9,Quiz,62
1863,carterkim@example.com,9,Quiz,10
1864,samanthachavez@example.com,9,Quiz,18
1865,gabrieljenkins@example.com,9,Quiz,79
1866,bellamorales@example.com,9,Quiz,49
1867,aaronhayes@example.com,9,Quiz,28
1868,mayaporter@example.com,9,Quiz,78
1869,julianramirez@example.com,9,Quiz,93
1870,rubyhunter@example.com,9,Quiz,25
1871,leoross@example.com,9,Quiz,94
1872,sadiediaz@example.com,9,Quiz,57
1873,adamsimmons@example.com,9,Quiz,95
1874,violetgray@example.com,9,Quiz,2
1875,nathanmitchell@example.com,9,Quiz,83
1876,stellaperry@example.com,9,Quiz,59
1877,aidenrichardson@example.com,9,Quiz,6
1878,leahlopez@example.com,9,Quiz,66
1879,hunterbarnes@example.com,9,Quiz,21
1880,milabrooks@example.com,9,Quiz,38
1881,sebastiancarter@example.com,9,Quiz,60
1882,elliehughes@example.com,9,Quiz,16
1883,jacksonbennett@example.com,9,Quiz,64
1884,lunasanders@example.com,9,Quiz,59
1885,zacharyrogers@example.com,9,Quiz,9
1886,naomiward@example.com,9,Quiz,67
1887,liambrown@example.com,9,Quiz,68
1888,gabriellacruz@example.com,9,Quiz,58
1889,patrickreed@example.com,9,Quiz,61
1890,zoeylong@example.com,9,Quiz,92
1891,calebscott@example.com,9,Quiz,34
1892,harperthompson@example.com,9,Quiz,21
1893,blakecarter@example.com,9,Quiz,87
1894,emilycoleman@example.com,9,Quiz,32
1895,dominicmyers@example.com,9,Quiz,70
1896,gracebell@example.com,9,Quiz,29
1897,isaacwright@example.com,9,Quiz,78
1898,lilyphillips@example.com,9,Quiz,34
1899,jaydenstewart@example.com,9,Quiz,23
1900,charlotteallen@example.com,9,Quiz,61
1901,emilyjohnson@example.com,10,Quiz,37
1902,lucasanderson@example.com,10,Quiz,59
1903,benjaminharris@example.com,10,Quiz,53
1904,isabellamoore@example.com,10,Quiz,29
1905,jamescarter@example.com,10,Quiz,13
1906,oliviamartin@example.com,10,Quiz,76
1907,alexanderwright@example.com,10,Quiz,90
1908,sophialewis@example.com,10,Quiz,63
1909,michaelscott@example.com,10,Quiz,88
1910,ameliaclark@example.com,10,Quiz,94
1911,noahrobinson@example.com,10,Quiz,53
1912,gracerodriguez@example.com,10,Quiz,70
1913,elijahturner@example.com,10,Quiz,3
1914,avamitchell@example.com,10,Quiz,32
1915,williamcooper@example.com,10,Quiz,34
1916,charlottehill@example.com,10,Quiz,84
1917,henryadams@example.com,10,Quiz,63
1918,evelynbaker@example.com,10,Quiz,98
1919,samuelcollins@example.com,10,Quiz,92
1920,miaallen@example.com,10,Quiz,32
1921,danielbennett@example.com,10,Quiz,53
1922,harperparker@example.com,10,Quiz,19
1923,jacobyoung@example.com,10,Quiz,39
1924,lilyward@example.com,10,Quiz,8
1925,matthewfoster@example.com,10,Quiz,74
1926,abigailbrooks@example.com,10,Quiz,36
1927,josephgriffin@example.com,10,Quiz,75
1928,ellareed@example.com,10,Quiz,44
1929,davidflores@example.com,10,Quiz,5
1930,chloehoward@example.com,10,Quiz,9
1931,andrewstewart@example.com,10,Quiz,86
1932,victoriaking@example.com,10,Quiz,68
1933,thomasphillips@example.com,10,Quiz,1
1934,hannahbutler@example.com,10,Quiz,87
1935,christophermorgan@example.com,10,Quiz,76
1936,arialee@example.com,10,Quiz,28
1937,anthonybell@example.com,10,Quiz,14
1938,nataliesanders@example.com,10,Quiz,98
1939,joshuamorris@example.com,10,Quiz,82
1940,scarlettrivera@example.com,10,Quiz,97
1941,jonathanperry@example.com,10,Quiz,70
1942,penelopecook@example.com,10,Quiz,31
1943,ryanpeterson@example.com,10,Quiz,0
1944,eleanorbarnes@example.com,10,Quiz,91
1945,calebjenkins@example.com,10,Quiz,79
1946,zoeyrussell@example.com,10,Quiz,96
1947,jackmurphy@example.com,10,Quiz,88
1948,madisonhayes@example.com,10,Quiz,85
1949,charlescoleman@example.com,10,Quiz,10
1950,laylacooper@example.com,10,Quiz,96
1951,ethankelly@example.com,10,Quiz,46
1952,sofiarichardson@example.com,10,Quiz,75
1953,owencox@example.com,10,Quiz,66
1954,noraward@example.com,10,Quiz,68
1955,isaacprice@example.com,10,Quiz,48
1956,hazellong@example.com,10,Quiz,27
1957,dylanpowell@example.com,10,Quiz,48
1958,lillianfisher@example.com,10,Quiz,62
1959,christianhenderson@example.com,10,Quiz,65
1960,audreymyers@example.com,10,Quiz,33
1961,lukebryant@example.com,10,Quiz,6
1962,lucynguyen@example.com,10,Quiz,52
1963,carterkim@example.com,10,Quiz,15
1964,samanthachavez@example.com,10,Quiz,71
1965,gabrieljenkins@example.com,10,Quiz,37
1966,bellamorales@example.com,10,Quiz,30
1967,aaronhayes@example.com,10,Quiz,54
1968,mayaporter@example.com,10,Quiz,24
1969,julianramirez@example.com,10,Quiz,29
1970,rubyhunter@example.com,10,Quiz,27
1971,leoross@example.com,10,Quiz,65
1972,sadiediaz@example.com,10,Quiz,74
1973,adamsimmons@example.com,10,Quiz,10
1974,violetgray@example.com,10,Quiz,60
1975,nathanmitchell@example.com,10,Quiz,7
1976,stellaperry@example.com,10,Quiz,50
1977,aidenrichardson@example.com,10,Quiz,19
1978,leahlopez@example.com,10,Quiz,20
1979,hunterbarnes@example.com,10,Quiz,96
1980,milabrooks@example.com,10,Quiz,5
1981,sebastiancarter@example.com,10,Quiz,60
1982,elliehughes@example.com,10,Quiz,67
1983,jacksonbennett@example.com,10,Quiz,19
1984,lunasanders@example.com,10,Quiz,68
1985,zacharyrogers@example.com,10,Quiz,72
1986,naomiward@example.com,10,Quiz,33
1987,liambrown@example.com,10,Quiz,48
1988,gabriellacruz@example.com,10,Quiz,46
1989,patrickreed@example.com,10,Quiz,97
1990,zoeylong@example.com,10,Quiz,57
1991,calebscott@example.com,10,Quiz,4
1992,harperthompson@example.com,10,Quiz,94
1993,blakecarter@example.com,10,Quiz,23
1994,emilycoleman@example.com,10,Quiz,36
1995,dominicmyers@example.com,10,Quiz,53
1996,gracebell@example.com,10,Quiz,50
1997,isaacwright@example.com,10,Quiz,4
1998,lilyphillips@example.com,10,Quiz,45
1999,jaydenstewart@example.com,10,Quiz,51
2000,charlotteallen@example.com,10,Quiz,87
